female,isei,w_fstuwt,wnrschbw,high_school,college,one_for,both_for,test_lang,pass_read,wvarstr,id
1,37,1224.381,146.02,0,1,1,0,1,1,35,1
1,77,1224.381,146.02,1,0,0,0,1,1,35,1
1,53,1224.381,146.02,0,1,0,0,1,0,35,1
1,30,1224.381,146.02,1,0,0,0,1,0,35,1
1,70,1224.381,146.02,0,1,0,0,1,0,35,1
1,39,1224.381,146.02,0,1,0,0,1,1,35,1
0,34,1224.381,146.02,0,1,0,0,1,0,35,1
0,51,1224.381,146.02,0,1,0,0,1,1,35,1
1,23,1224.381,146.02,0,1,0,0,1,0,35,1
1,59,1224.381,146.02,0,1,0,0,1,0,35,1
1,56,1224.381,146.02,1,0,0,0,1,1,35,1
1,43,1224.381,146.02,1,0,0,0,1,0,35,1
0,49,1224.381,146.02,0,1,0,0,1,0,35,1
0,53,1224.381,146.02,1,0,0,0,1,1,35,1
0,70,1224.381,146.02,0,1,0,0,1,1,35,1
1,28,1224.381,146.02,0,1,0,0,1,0,35,1
0,52,1188.728,105.82,1,0,0,0,1,0,35,2
1,33,1337.318,105.82,1,0,0,0,1,0,35,2
1,43,1188.728,105.82,1,0,0,0,1,1,35,2
0,67,1188.728,105.82,1,0,0,0,1,1,35,2
0,69,1188.728,105.82,0,1,1,0,1,1,35,2
0,23,1188.728,105.82,1,0,0,0,1,1,35,2
1,70,1188.728,105.82,0,1,0,0,1,0,35,2
1,42,1188.728,105.82,0,1,0,0,1,1,35,2
1,33,1188.728,105.82,1,0,0,0,1,0,35,2
1,50,1188.728,105.82,1,0,1,0,1,0,35,2
1,64,1188.728,105.82,1,0,0,0,1,1,35,2
1,30,1188.728,105.82,1,0,0,0,1,0,35,2
0,57,1188.728,105.82,1,0,0,0,1,1,35,2
0,50,1188.728,105.82,1,0,0,0,1,0,35,2
1,71,1337.318,105.82,0,1,0,0,1,1,35,2
0,29,1188.728,105.82,1,0,0,0,1,1,35,2
1,29,1188.728,105.82,0,0,0,0,1,1,35,2
1,56,967.21051,296.95001,0,1,0,1,0,0,1,3
1,67,967.21051,296.95001,1,0,0,0,1,0,1,3
1,38,967.21051,296.95001,1,0,0,1,1,0,1,3
1,40,967.21051,296.95001,0,0,0,0,1,1,1,3
1,77,967.21051,296.95001,0,1,1,0,0,0,1,3
1,23,967.21051,296.95001,0,0,0,0,1,1,1,3
1,69,967.21051,296.95001,0,1,0,0,1,0,1,3
1,25,1096.071,296.95001,0,0,0,1,0,0,1,3
1,34,967.21051,296.95001,0,1,1,0,1,1,1,3
1,23,1096.071,296.95001,1,0,1,0,1,0,1,3
1,29,967.21051,296.95001,1,0,0,1,1,0,1,3
1,23,1096.071,296.95001,1,0,0,1,0,0,1,3
1,52,287.0575,65.900002,1,0,0,0,1,0,5,4
1,45,287.0575,65.900002,0,1,0,0,1,1,5,4
1,25,287.0575,65.900002,0,1,0,0,1,0,5,4
0,23,287.0575,65.900002,0,1,0,1,0,0,5,4
1,30,287.0575,65.900002,0,1,0,0,1,0,5,4
0,67,287.0575,65.900002,0,1,0,1,0,1,5,4
1,67,287.0575,65.900002,0,0,1,0,0,0,5,4
0,57,287.0575,65.900002,1,0,0,0,1,1,5,4
1,30,287.0575,65.900002,1,0,1,0,1,0,5,4
1,77,287.0575,65.900002,1,0,0,0,1,0,5,4
1,34,520.94678,49.939999,0,1,0,0,1,0,5,5
1,24,520.94678,49.939999,1,0,0,1,0,0,5,5
1,30,520.94678,49.939999,0,0,0,1,0,0,5,5
1,29,520.94678,49.939999,0,1,0,0,0,0,5,5
0,30,520.94678,49.939999,0,1,0,1,1,0,5,5
0,26,520.94678,49.939999,0,1,0,1,1,0,5,5
1,26,520.94678,49.939999,0,1,0,1,0,0,5,5
0,34,516.05353,27.08,1,0,0,1,0,0,7,6
0,30,516.05353,27.08,1,0,0,0,1,0,7,6
0,30,595.14661,27.08,1,0,0,0,1,0,7,6
0,68,516.05353,27.08,0,1,0,0,1,0,7,6
0,24,595.14661,27.08,0,0,0,1,0,0,7,6
1,53,516.05353,27.08,0,1,0,1,0,0,7,6
0,39,595.14661,27.08,1,0,0,1,0,0,7,6
0,37,595.14661,27.08,1,0,1,0,1,0,7,6
0,34,516.05353,27.08,1,0,0,1,0,0,7,6
1,53,516.05353,27.08,0,1,0,1,0,0,7,6
0,34,641.11401,15.41,1,0,0,0,1,0,8,7
1,32,555.91199,15.41,1,0,0,1,0,0,8,7
0,21,555.91199,15.41,1,0,0,0,1,0,8,7
1,53,641.11401,15.41,1,0,0,1,0,0,8,7
1,30,555.91199,15.41,0,0,0,1,0,0,8,7
1,30,641.11401,15.41,1,0,0,1,0,0,8,7
1,38,641.11401,15.41,0,1,0,0,0,0,8,7
1,30,555.91199,15.41,0,1,0,1,0,0,8,7
0,19,555.91199,15.41,0,0,0,1,0,0,8,7
0,29,555.91199,15.41,1,0,0,0,1,0,8,7
1,30,555.91199,15.41,1,0,0,1,0,0,8,7
0,21,555.91199,15.41,1,0,0,0,1,0,8,7
0,56,1354.76,117.2,1,0,0,0,1,0,1,8
0,38,1354.76,117.2,1,0,0,0,1,1,1,8
0,69,1354.76,117.2,0,1,0,0,1,1,1,8
1,67,1354.76,117.2,0,1,0,0,1,0,1,8
0,68,1354.76,117.2,0,1,0,0,1,1,1,8
0,51,1354.76,117.2,1,0,0,1,1,1,1,8
1,69,1354.76,117.2,0,1,0,0,1,0,1,8
0,56,1354.76,117.2,0,1,0,0,1,1,1,8
0,34,1354.76,117.2,1,0,0,0,1,1,1,8
1,71,1354.76,117.2,0,1,0,0,1,0,1,8
1,70,1354.76,117.2,0,1,0,0,1,1,1,8
0,71,1354.76,117.2,1,0,0,0,1,1,1,8
1,56,1354.76,117.2,0,1,0,0,1,1,1,8
0,59,1354.76,117.2,1,0,0,0,1,0,1,8
1,54,1354.76,117.2,1,0,0,0,1,1,1,8
1,51,534.0058,62.32,0,1,0,0,1,0,9,9
1,33,534.0058,62.32,0,1,0,1,0,1,9,9
1,69,534.0058,62.32,0,1,0,0,1,1,9,9
1,59,534.0058,62.32,0,0,0,0,1,1,9,9
1,66,534.0058,62.32,1,0,0,0,1,0,9,9
0,43,534.0058,62.32,0,1,0,0,1,0,9,9
0,30,534.0058,62.32,1,0,0,0,1,0,9,9
0,53,534.0058,62.32,0,1,0,0,1,0,9,9
0,30,1353.09,181.99001,1,0,0,1,1,0,28,10
1,56,1202.7469,181.99001,1,0,0,0,1,1,28,10
0,29,1202.7469,181.99001,0,1,0,0,1,1,28,10
1,69,1202.7469,181.99001,1,0,0,0,1,1,28,10
0,50,1202.7469,181.99001,0,1,0,0,1,0,28,10
1,51,1202.7469,181.99001,0,1,0,0,1,0,28,10
1,71,1202.7469,181.99001,1,0,0,0,1,0,28,10
0,67,1353.09,181.99001,0,1,0,0,1,0,28,10
0,38,1353.09,181.99001,1,0,0,0,1,0,28,10
0,30,1353.09,181.99001,1,0,0,0,1,0,28,10
1,29,1202.7469,181.99001,0,0,0,0,1,1,28,10
1,77,1353.09,181.99001,0,1,0,0,1,1,28,10
0,54,1353.09,181.99001,0,1,0,0,1,0,28,10
1,21,1202.7469,181.99001,0,1,0,0,1,1,28,10
1,23,1202.7469,181.99001,1,0,0,0,1,1,28,10
0,44,1202.7469,181.99001,0,1,0,0,1,0,28,10
0,30,1353.09,181.99001,0,1,0,0,1,0,28,10
1,50,1202.7469,181.99001,0,1,0,0,1,1,28,10
1,70,1202.7469,181.99001,1,0,0,0,1,0,28,10
0,71,1353.09,181.99001,0,1,0,0,1,0,28,10
0,23,1202.7469,181.99001,0,1,0,0,1,0,28,10
1,25,1202.7469,181.99001,0,1,0,0,1,0,28,10
1,29,694.70618,36.759998,0,1,1,0,1,0,11,11
1,21,694.70618,36.759998,1,0,0,0,1,0,11,11
1,51,694.70618,36.759998,1,0,0,0,1,1,11,11
1,71,602.38202,36.759998,0,1,0,1,1,0,11,11
0,29,694.70618,36.759998,1,0,0,1,1,0,11,11
0,34,694.70618,36.759998,1,0,0,0,1,0,11,11
0,23,694.70618,36.759998,1,0,0,0,1,0,11,11
1,30,694.70618,36.759998,1,0,0,0,1,0,11,11
0,69,694.70618,36.759998,0,1,1,0,1,1,11,11
0,30,694.70618,36.759998,0,1,0,0,1,0,11,11
1,52,694.70618,36.759998,1,0,0,0,1,0,11,11
1,44,694.70618,36.759998,1,0,0,0,1,0,11,11
0,69,694.70618,36.759998,0,1,0,0,1,0,11,11
1,56,602.38202,36.759998,0,1,0,0,1,0,11,11
1,59,694.70618,36.759998,1,0,0,0,1,0,11,11
0,49,1201.321,102.37,0,1,0,0,1,1,29,12
0,59,1201.321,102.37,0,1,0,0,1,1,29,12
1,42,1201.321,102.37,1,0,1,0,1,1,29,12
1,69,1201.321,102.37,0,1,0,0,1,1,29,12
0,68,1201.321,102.37,0,1,0,1,0,1,29,12
1,53,1201.321,102.37,0,1,0,0,1,1,29,12
0,40,1201.321,102.37,0,1,0,0,1,0,29,12
1,70,1351.486,102.37,0,1,0,0,1,1,29,12
0,38,1201.321,102.37,1,0,0,0,1,0,29,12
0,40,1201.321,102.37,0,1,0,1,1,1,29,12
1,74,1201.321,102.37,0,1,0,0,1,1,29,12
1,59,1201.321,102.37,0,1,0,0,1,0,29,12
1,71,1201.321,102.37,0,1,0,1,1,1,29,12
0,28,1351.486,102.37,0,1,0,0,1,0,29,12
0,69,1201.321,102.37,0,1,0,0,1,1,29,12
1,34,1201.321,102.37,1,0,0,0,1,1,29,12
1,50,1201.321,102.37,0,1,0,0,1,1,29,12
1,34,1201.321,102.37,1,0,0,0,1,1,29,12
1,51,1201.321,102.37,0,1,0,1,1,1,29,12
0,88,1201.321,102.37,0,1,1,0,1,0,29,12
1,54,1201.321,102.37,0,1,0,0,1,0,29,12
1,33,1201.321,102.37,1,0,0,0,1,0,29,12
0,69,1201.321,102.37,0,1,0,0,1,0,29,12
0,58,1201.321,102.37,1,0,1,0,1,1,29,12
0,29,1201.321,102.37,0,1,0,0,1,1,29,12
1,40,316.13229,316.13,0,1,0,0,1,0,11,13
1,39,316.13229,316.13,1,0,0,0,1,1,11,13
0,31,316.13229,316.13,1,0,0,0,1,0,11,13
1,34,316.13229,316.13,0,1,0,1,1,0,11,13
0,38,316.13229,316.13,0,1,0,1,0,0,11,13
0,49,316.13229,316.13,0,1,0,0,1,1,11,13
1,53,316.13229,316.13,0,1,0,0,1,1,11,13
1,53,316.13229,316.13,0,1,0,0,1,0,11,13
1,16,949.04883,180.92,1,0,0,0,1,0,33,14
0,29,949.04883,180.92,1,0,0,0,1,0,33,14
1,30,949.04883,180.92,0,1,0,0,1,0,33,14
1,30,708.14459,37.139999,1,0,0,0,1,0,33,15
1,16,708.14459,37.139999,1,0,0,0,1,0,33,15
0,34,708.14459,37.139999,0,1,0,0,1,0,33,15
0,23,708.14459,37.139999,1,0,0,0,1,0,33,15
1,21,614.03442,37.139999,1,0,0,0,1,0,33,15
1,51,614.03442,37.139999,0,1,1,0,1,0,33,15
1,42,708.14459,37.139999,0,1,0,0,1,0,33,15
1,43,708.14459,37.139999,1,0,0,0,1,0,33,15
0,23,708.14459,37.139999,0,0,0,0,1,0,33,15
1,29,708.14459,37.139999,0,0,0,0,1,0,33,15
0,70,1680.006,86.010002,0,1,0,0,1,1,33,16
0,49,1890.007,86.010002,0,1,0,0,1,1,33,16
0,71,1680.006,86.010002,0,1,0,0,1,0,33,16
0,29,1890.007,86.010002,1,0,0,0,1,1,33,16
1,40,1680.006,86.010002,1,0,0,0,1,1,33,16
1,57,1680.006,86.010002,0,1,0,0,1,1,33,16
1,70,1680.006,86.010002,0,1,0,0,1,1,33,16
0,58,1680.006,86.010002,0,1,0,0,1,0,33,16
0,34,1680.006,86.010002,1,0,1,0,1,1,33,16
0,56,1680.006,86.010002,1,0,0,0,1,0,33,16
1,69,1680.006,86.010002,0,1,0,0,1,1,33,16
0,68,1680.006,86.010002,0,1,0,0,1,1,33,16
1,61,1680.006,86.010002,1,0,0,0,1,1,33,16
0,67,1680.006,86.010002,0,1,0,0,1,1,33,16
1,30,1680.006,86.010002,1,0,0,0,1,1,33,16
0,69,1680.006,86.010002,0,1,0,0,1,1,33,16
1,77,1680.006,86.010002,0,1,0,0,1,1,33,16
1,66,1680.006,86.010002,0,1,0,0,1,1,33,16
1,51,1680.006,86.010002,1,0,0,0,1,0,33,16
0,29,1680.006,86.010002,1,0,0,0,1,1,33,16
1,56,1890.007,86.010002,1,0,0,0,1,0,33,16
1,54,130.30949,34.130001,0,1,0,0,1,1,34,17
0,56,130.30949,34.130001,0,1,0,0,1,1,34,17
0,56,130.30949,34.130001,0,1,0,0,1,0,34,17
0,35,130.30949,34.130001,0,0,0,1,0,0,34,17
0,44,130.30949,34.130001,1,0,0,1,0,0,34,17
1,29,130.30949,34.130001,1,0,0,0,1,0,34,17
1,38,130.30949,34.130001,0,1,0,1,0,0,34,17
0,21,448.75491,54.630001,0,1,0,0,1,0,34,18
1,52,448.75491,54.630001,1,0,0,0,1,0,34,18
0,37,389.1167,54.630001,0,1,1,0,1,0,34,18
1,33,448.75491,54.630001,0,1,0,0,1,1,34,18
1,37,448.75491,54.630001,0,1,0,0,1,0,34,18
1,50,448.75491,54.630001,0,1,0,0,1,1,34,18
0,30,448.75491,54.630001,1,0,0,0,1,0,34,18
0,34,448.75491,54.630001,0,1,0,0,1,1,34,18
0,53,448.75491,54.630001,1,0,0,0,1,0,34,18
0,33,389.1167,54.630001,0,1,0,0,1,0,34,18
0,26,448.75491,54.630001,1,0,0,0,1,1,34,18
0,54,389.1167,54.630001,0,1,0,0,1,0,34,18
1,50,448.75491,54.630001,0,1,1,0,1,1,34,18
1,59,448.75491,54.630001,0,1,0,0,1,1,34,18
1,43,448.75491,54.630001,0,1,0,0,1,1,34,18
0,70,448.75491,54.630001,1,0,0,0,1,1,34,18
1,22,448.75491,54.630001,0,1,0,0,1,0,34,18
1,29,448.75491,54.630001,0,1,0,0,1,0,34,18
0,27,448.75491,54.630001,1,0,0,0,1,0,34,18
1,43,448.75491,54.630001,0,1,0,0,1,0,34,18
0,28,448.75491,54.630001,0,0,0,1,1,0,34,18
0,29,1140.8979,154.39999,0,1,0,0,1,0,34,19
1,30,1140.8979,154.39999,0,1,0,0,1,1,34,19
0,56,1283.51,154.39999,0,1,0,0,1,1,34,19
0,77,1140.8979,154.39999,0,1,0,0,1,1,34,19
1,28,1140.8979,154.39999,0,1,0,0,1,1,34,19
1,30,1140.8979,154.39999,1,0,1,0,1,1,34,19
0,42,1140.8979,154.39999,1,0,0,0,1,1,34,19
1,56,1283.51,154.39999,0,1,0,0,1,0,34,19
1,30,1140.8979,154.39999,1,0,0,0,1,1,34,19
0,59,1140.8979,154.39999,0,1,0,0,1,1,34,19
0,56,1140.8979,154.39999,0,1,0,0,1,1,34,19
0,34,1140.8979,154.39999,1,0,0,0,1,1,34,19
1,43,1140.8979,154.39999,1,0,0,0,1,0,34,19
0,69,1283.51,154.39999,0,1,0,0,1,1,34,19
0,67,1283.51,154.39999,0,1,0,1,0,1,34,19
1,45,1140.8979,154.39999,1,0,0,0,1,1,34,19
1,51,1140.8979,154.39999,1,0,0,0,1,1,34,19
1,29,1140.8979,154.39999,1,0,0,0,1,0,34,19
0,19,1283.51,154.39999,0,1,0,0,1,0,34,19
1,69,1283.51,154.39999,0,1,0,0,1,1,34,19
1,50,1140.8979,154.39999,0,1,0,0,1,1,34,19
0,69,1140.8979,154.39999,0,1,0,0,1,1,34,19
0,88,1283.51,154.39999,0,1,0,0,1,1,34,19
0,64,1283.51,154.39999,0,1,0,0,1,0,34,19
0,77,1140.8979,154.39999,0,1,0,0,1,1,34,19
1,51,2473.2771,2139.6299,0,1,0,0,1,1,41,20
1,67,2473.2771,2139.6299,0,1,0,0,1,0,41,20
0,51,947.28442,646.16998,0,1,0,0,1,0,41,21
0,67,947.28442,646.16998,0,1,0,0,1,0,41,21
0,69,947.28442,646.16998,0,1,0,0,1,1,41,21
1,69,947.28442,646.16998,1,0,0,0,1,1,41,21
1,34,947.28442,646.16998,0,1,0,0,1,0,41,21
0,22,947.28442,646.16998,0,1,0,0,1,1,41,21
0,53,947.28442,646.16998,0,1,0,0,1,1,41,21
1,69,947.28442,646.16998,0,1,0,0,1,0,41,21
1,29,947.28442,646.16998,1,0,0,0,1,0,41,21
1,40,947.28442,646.16998,0,1,0,0,1,0,41,21
0,70,947.28442,646.16998,0,1,0,0,1,0,41,21
0,53,947.28442,646.16998,1,0,0,0,1,0,41,21
1,85,947.28442,646.16998,0,1,0,0,1,1,41,21
1,70,947.28442,646.16998,0,1,0,0,1,1,41,21
0,69,947.28442,646.16998,0,1,0,0,1,1,41,21
1,32,947.28442,646.16998,1,0,0,0,1,0,41,21
1,32,947.28442,646.16998,0,0,0,0,1,0,41,21
0,54,947.28442,646.16998,0,1,0,0,1,0,41,21
1,34,1239.687,111.55,1,0,0,0,1,0,41,22
1,34,1239.687,111.55,1,0,0,0,1,1,41,22
0,43,1239.687,111.55,0,1,0,0,1,0,41,22
0,70,1239.687,111.55,1,0,0,0,1,0,41,22
1,74,1239.687,111.55,0,1,0,0,1,1,41,22
0,34,1239.687,111.55,1,0,0,0,1,0,41,22
1,69,1239.687,111.55,0,1,0,0,1,1,41,22
1,34,1239.687,111.55,1,0,0,0,1,0,41,22
0,38,1239.687,111.55,0,1,0,0,1,0,41,22
1,30,1239.687,111.55,1,0,0,0,1,0,41,22
1,34,1239.687,111.55,1,0,0,0,1,0,41,22
1,34,1239.687,111.55,1,0,0,0,1,0,41,22
1,51,1239.687,111.55,0,1,0,0,1,1,41,22
0,50,1239.687,111.55,1,0,0,0,1,1,41,22
0,16,1239.687,111.55,1,0,0,0,1,0,41,22
0,54,1239.687,111.55,0,1,0,0,1,0,41,22
1,70,355.1358,245.23,0,1,0,0,1,0,42,23
1,29,416.75171,245.23,0,1,0,0,1,0,42,23
0,36,416.75171,245.23,0,0,0,0,1,0,42,23
0,53,355.1358,245.23,1,0,0,0,1,0,42,23
1,29,355.1358,245.23,1,0,0,0,1,0,42,23
0,23,416.75171,245.23,1,0,0,0,1,0,42,23
1,21,416.75171,245.23,1,0,0,0,1,0,42,23
0,29,416.75171,245.23,0,0,0,0,1,0,42,23
1,29,355.1358,245.23,0,0,0,0,1,0,42,23
0,21,355.1358,245.23,1,0,0,0,1,0,42,23
1,21,416.75171,245.23,0,1,0,0,1,1,42,23
1,59,416.75171,245.23,0,1,0,0,1,0,42,23
0,34,355.1358,245.23,0,1,0,0,1,0,42,23
0,28,380.57849,167.53,1,0,0,0,1,0,42,24
1,53,324.31061,167.53,1,0,0,0,1,0,42,24
1,30,324.31061,167.53,1,0,0,0,1,1,42,24
1,32,324.31061,167.53,0,1,0,0,1,0,42,24
1,16,324.31061,167.53,0,1,0,0,1,0,42,24
0,25,324.31061,167.53,0,1,0,0,1,0,42,24
0,28,324.31061,167.53,0,1,0,0,1,0,42,24
0,28,324.31061,167.53,1,0,0,0,1,0,42,24
1,29,380.57849,167.53,0,1,0,0,1,0,42,24
1,21,380.57849,167.53,0,0,0,0,1,0,42,24
0,28,380.57849,167.53,0,1,0,0,1,0,42,24
1,30,380.57849,167.53,0,1,0,0,1,0,42,24
0,53,380.57849,167.53,0,1,0,0,1,0,42,24
0,16,380.57849,167.53,0,1,0,0,1,0,42,24
1,51,380.57849,167.53,1,0,0,0,1,0,42,24
1,23,368.2662,122.76,0,0,0,0,1,0,42,25
0,56,368.2662,122.76,1,0,0,0,1,0,42,25
1,29,368.2662,122.76,1,0,0,0,1,0,42,25
1,34,368.2662,122.76,1,0,0,0,1,0,42,25
1,30,368.2662,122.76,0,1,0,0,1,0,42,25
0,29,368.2662,122.76,0,1,0,0,1,0,42,25
1,30,368.2662,122.76,0,1,0,0,1,0,42,25
0,30,368.2662,122.76,1,0,0,0,1,0,42,25
1,21,368.2662,122.76,1,0,0,0,1,0,42,25
0,29,368.2662,122.76,1,0,0,0,1,0,42,25
1,33,368.2662,122.76,0,1,0,0,1,0,42,25
1,24,368.2662,122.76,1,0,0,0,1,1,42,25
1,34,368.2662,122.76,0,1,0,0,1,0,42,25
0,30,368.2662,122.76,1,0,0,0,1,0,42,25
1,38,368.2662,122.76,1,0,0,0,1,0,42,25
1,54,368.2662,122.76,0,1,0,0,1,1,42,25
0,29,368.2662,122.76,0,1,0,0,1,0,42,25
0,70,368.2662,122.76,1,0,0,0,1,0,42,25
1,22,2380.9529,1821.74,1,0,0,0,1,0,42,26
0,34,2380.9529,1821.74,1,0,0,0,1,0,42,26
1,30,856.00928,151.81,1,0,0,0,1,0,42,27
1,67,856.00928,151.81,0,1,0,0,1,0,42,27
1,46,856.00928,151.81,0,1,1,0,1,1,42,27
1,19,856.00928,151.81,1,0,0,0,1,1,42,27
1,28,856.00928,151.81,1,0,0,0,1,0,42,27
0,34,856.00928,151.81,1,0,0,0,1,1,42,27
1,34,856.00928,151.81,0,1,0,0,1,1,42,27
0,67,1004.527,151.81,1,0,0,0,1,0,42,27
1,32,856.00928,151.81,1,0,0,0,1,0,42,27
1,59,856.00928,151.81,0,1,0,0,1,1,42,27
1,29,856.00928,151.81,0,1,0,0,1,0,42,27
1,29,1004.527,151.81,1,0,0,0,1,0,42,27
0,30,856.00928,151.81,0,1,0,0,1,0,42,27
1,22,856.00928,151.81,1,0,0,0,1,0,42,27
1,68,856.00928,151.81,0,1,0,0,1,0,42,27
1,35,856.00928,151.81,0,1,0,0,1,0,42,27
1,29,856.00928,151.81,0,1,0,0,1,0,42,27
1,64,856.00928,151.81,0,1,0,0,1,1,42,27
0,50,856.00928,151.81,1,0,0,0,1,0,42,27
0,29,856.00928,151.81,0,0,0,0,1,1,42,27
1,21,290.5679,98.489998,1,0,0,0,1,0,42,28
1,34,290.5679,98.489998,1,0,0,0,1,1,42,28
1,74,290.5679,98.489998,0,1,0,0,1,1,42,28
0,69,290.5679,98.489998,0,1,0,0,1,1,42,28
1,67,290.5679,98.489998,1,0,0,0,1,0,42,28
0,30,290.5679,98.489998,1,0,0,0,1,0,42,28
1,34,290.5679,98.489998,1,0,0,0,1,1,42,28
1,69,290.5679,98.489998,0,1,0,0,1,1,42,28
1,37,290.5679,98.489998,1,0,0,0,1,0,42,28
0,40,290.5679,98.489998,1,0,0,0,1,0,42,28
1,56,290.5679,98.489998,1,0,0,0,1,1,42,28
1,33,290.5679,98.489998,1,0,0,0,1,1,42,28
1,50,290.5679,98.489998,1,0,0,0,1,1,42,28
0,29,290.5679,98.489998,1,0,0,0,1,1,42,28
0,33,290.5679,98.489998,0,1,0,0,1,0,42,28
0,43,290.5679,98.489998,1,0,0,0,1,0,42,28
0,50,290.5679,98.489998,1,0,0,0,1,0,42,28
1,40,540.03632,149.55,0,1,0,0,1,1,41,29
0,50,540.03632,149.55,1,0,0,0,1,0,41,29
0,25,540.03632,149.55,1,0,0,0,1,0,41,29
1,22,540.03632,149.55,1,0,0,0,1,0,41,29
0,53,540.03632,149.55,0,1,0,0,1,0,41,29
1,23,540.03632,149.55,0,1,0,0,1,0,41,29
1,40,540.03632,149.55,1,0,0,0,1,0,41,29
1,67,540.03632,149.55,1,0,0,0,1,1,41,29
1,25,540.03632,149.55,0,0,0,0,1,0,41,29
0,41,540.03632,149.55,1,0,0,0,1,0,41,29
1,40,540.03632,149.55,0,0,0,0,1,0,41,29
1,40,540.03632,149.55,0,1,0,0,1,0,41,29
0,34,454.3866,75.940002,0,0,0,0,1,0,41,30
1,30,454.3866,75.940002,0,1,0,0,1,1,41,30
1,67,454.3866,75.940002,0,1,0,0,1,0,41,30
1,74,454.3866,75.940002,0,1,0,0,1,1,41,30
1,28,533.22247,75.940002,0,1,0,0,1,0,41,30
1,21,454.3866,75.940002,1,0,0,0,1,0,41,30
1,58,454.3866,75.940002,1,0,1,0,1,1,41,30
0,30,454.3866,75.940002,1,0,0,0,1,0,41,30
1,30,533.22247,75.940002,1,0,0,0,1,0,41,30
1,38,454.3866,75.940002,0,1,0,0,1,0,41,30
1,51,454.3866,75.940002,1,0,0,0,1,0,41,30
1,21,454.3866,75.940002,1,0,0,0,1,0,41,30
0,34,533.22247,75.940002,0,1,0,0,1,0,41,30
0,31,533.22247,75.940002,0,0,0,0,1,0,41,30
1,34,533.22247,75.940002,1,0,0,0,1,0,41,30
0,53,454.3866,75.940002,1,0,0,0,1,0,41,30
1,34,454.3866,75.940002,0,0,0,0,1,0,41,30
0,40,144.7146,96.360001,1,0,1,0,1,0,36,31
1,36,144.7146,96.360001,1,0,0,1,0,0,36,31
1,56,537.22662,29.370001,0,1,0,0,1,0,36,32
1,85,537.22662,29.370001,0,1,0,1,0,0,36,32
1,77,537.22662,29.370001,0,1,0,0,1,0,36,32
0,77,537.22662,29.370001,1,0,1,0,1,1,36,32
1,53,537.22662,29.370001,0,1,0,0,1,1,36,32
0,29,537.22662,29.370001,0,1,0,0,1,1,36,32
1,51,537.22662,29.370001,0,1,0,0,1,1,36,32
1,40,537.22662,29.370001,0,0,0,1,1,0,36,32
0,54,537.22662,29.370001,1,0,0,1,0,0,36,32
1,51,537.22662,29.370001,0,1,0,0,1,0,36,32
1,67,537.22662,29.370001,1,0,0,0,1,1,36,32
0,68,537.22662,29.370001,0,1,0,1,1,0,36,32
1,31,537.22662,29.370001,0,1,0,0,1,1,36,32
0,23,537.22662,29.370001,1,0,0,1,1,0,36,32
1,30,537.22662,29.370001,1,0,1,0,1,0,36,32
0,23,537.22662,29.370001,1,0,0,0,1,0,36,32
1,56,537.22662,29.370001,0,1,1,0,1,1,36,32
0,66,537.22662,29.370001,0,1,1,0,1,0,36,32
0,50,537.22662,29.370001,0,1,0,1,1,0,36,32
1,56,537.22662,29.370001,0,1,0,1,0,0,36,32
0,56,763.87,21.52,0,1,0,1,0,0,36,33
1,67,763.87,21.52,1,0,0,1,0,0,36,33
1,59,763.87,21.52,1,0,0,0,1,0,36,33
0,30,763.87,21.52,0,0,0,1,1,0,36,33
0,59,660.05701,16.77,0,1,0,1,0,0,36,34
0,69,660.05701,16.77,0,1,0,1,1,0,36,34
1,53,660.05701,16.77,0,1,0,1,0,1,36,34
0,56,660.05701,16.77,1,0,0,1,0,0,36,34
0,30,660.05701,16.77,0,1,1,0,1,0,36,34
1,69,660.05701,16.77,0,1,1,0,1,1,36,34
1,38,660.05701,16.77,0,1,0,1,0,0,36,34
1,23,660.05701,16.77,1,0,0,1,0,1,36,34
1,34,660.05701,16.77,0,1,0,1,0,1,36,34
0,59,622.50739,57.959999,1,0,0,0,1,1,36,35
0,43,622.50739,57.959999,0,1,0,0,1,0,36,35
1,49,622.50739,57.959999,0,1,0,0,1,1,36,35
0,70,622.50739,57.959999,0,1,0,0,1,1,36,35
1,51,622.50739,57.959999,0,1,0,0,1,1,36,35
1,50,622.50739,57.959999,0,1,0,0,1,1,36,35
0,51,622.50739,57.959999,1,0,0,0,1,0,36,35
0,30,622.50739,57.959999,1,0,0,0,1,1,36,35
0,56,622.50739,57.959999,1,0,0,0,1,1,36,35
1,50,622.50739,57.959999,0,1,0,0,1,1,36,35
0,88,622.50739,57.959999,0,1,0,0,1,1,36,35
1,33,622.50739,57.959999,0,1,0,0,1,1,36,35
0,31,622.50739,57.959999,1,0,0,0,1,1,36,35
0,40,515.0528,36.220001,0,1,0,0,1,1,36,36
1,59,515.0528,36.220001,1,0,0,0,1,1,36,36
1,43,515.0528,36.220001,0,1,0,0,1,0,36,36
1,69,515.0528,36.220001,0,1,0,0,1,1,36,36
0,56,515.0528,36.220001,0,1,0,0,1,0,36,36
0,45,515.0528,36.220001,0,1,0,0,1,0,36,36
1,34,515.0528,36.220001,0,1,0,0,1,0,36,36
0,33,515.0528,36.220001,1,0,0,0,1,0,36,36
1,33,515.0528,36.220001,0,1,0,0,1,1,36,36
1,69,515.0528,36.220001,0,1,0,1,1,0,36,36
1,53,515.0528,36.220001,1,0,0,0,1,1,36,36
0,43,515.0528,36.220001,0,1,0,1,1,0,36,36
1,34,515.0528,36.220001,1,0,0,0,1,0,36,36
0,69,515.0528,36.220001,0,1,0,1,1,0,36,36
0,43,515.0528,36.220001,0,1,0,0,1,0,36,36
1,30,515.0528,36.220001,0,1,1,0,1,1,36,36
1,30,515.0528,36.220001,0,1,0,0,1,0,36,36
1,54,515.0528,36.220001,1,0,0,0,1,1,36,36
1,69,515.0528,36.220001,0,1,0,0,1,1,36,36
0,30,515.0528,36.220001,1,0,0,0,1,0,36,36
1,38,1014.344,84.470001,1,0,0,0,1,1,36,37
0,65,1014.344,84.470001,0,1,1,0,1,0,36,37
0,56,1014.344,84.470001,0,1,0,0,1,1,36,37
0,68,1014.344,84.470001,0,1,0,0,1,0,36,37
1,51,1014.344,84.470001,0,1,0,1,1,1,36,37
1,67,1183.401,84.470001,0,1,0,1,0,0,36,37
0,56,1183.401,84.470001,0,1,0,0,1,1,36,37
1,41,1014.344,84.470001,0,1,0,0,1,1,36,37
0,34,1183.401,84.470001,0,1,0,0,1,1,36,37
0,61,1014.344,84.470001,0,1,0,0,1,0,36,37
1,50,1183.401,84.470001,1,0,0,0,1,0,36,37
0,69,1014.344,84.470001,0,1,0,0,1,1,36,37
1,56,1014.344,84.470001,0,1,0,0,1,1,36,37
0,69,1014.344,84.470001,0,1,0,0,1,1,36,37
1,69,1014.344,84.470001,0,1,0,0,1,1,36,37
0,69,1014.344,84.470001,0,1,0,0,1,0,36,37
1,69,1014.344,84.470001,0,1,0,0,1,1,36,37
0,40,1183.401,84.470001,0,1,0,0,1,0,36,37
1,42,1014.344,84.470001,1,0,0,0,1,1,36,37
1,69,1014.344,84.470001,0,1,0,0,1,1,36,37
1,69,1014.344,84.470001,0,1,0,0,0,1,36,37
0,69,1183.401,84.470001,0,1,0,0,1,1,36,37
1,44,1125.417,955.41998,0,1,0,0,1,1,38,38
0,69,1125.417,955.41998,0,1,0,0,1,0,38,38
1,71,1125.417,955.41998,0,1,0,0,1,0,38,38
1,33,1275.356,955.41998,0,1,0,0,1,0,38,38
1,23,1275.356,955.41998,1,0,0,0,1,1,38,38
1,69,1125.417,955.41998,0,1,0,0,1,1,38,38
1,69,1125.417,955.41998,0,1,0,0,1,1,38,38
0,71,1125.417,955.41998,0,1,0,0,1,1,38,38
1,68,1125.417,955.41998,0,1,0,0,1,0,38,38
0,71,1125.417,955.41998,0,1,0,0,1,1,38,38
1,70,1275.356,955.41998,0,1,0,0,1,1,38,38
1,30,1275.356,955.41998,0,1,0,0,1,1,38,38
1,69,1125.417,955.41998,0,1,0,0,1,1,38,38
0,56,1275.356,955.41998,0,1,0,0,1,1,38,38
0,85,1125.417,955.41998,0,1,0,0,1,1,38,38
0,40,1275.356,955.41998,0,1,0,0,1,1,38,38
1,66,1275.356,955.41998,0,1,0,0,1,1,38,38
1,68,1125.417,955.41998,0,1,0,0,1,1,38,38
1,69,1125.417,955.41998,1,0,0,0,1,0,38,38
0,56,1125.417,955.41998,1,0,0,0,1,1,38,38
0,56,1275.356,955.41998,0,1,0,0,1,1,38,38
1,30,1275.356,955.41998,1,0,0,0,1,1,38,38
1,70,1125.417,955.41998,0,1,0,0,1,1,38,38
1,30,443.73779,72.449997,1,0,0,0,1,0,38,39
1,69,443.73779,72.449997,0,1,0,0,1,1,38,39
0,59,443.73779,72.449997,0,1,0,0,1,0,38,39
1,29,443.73779,72.449997,1,0,0,0,1,1,38,39
1,67,443.73779,72.449997,1,0,0,0,1,1,38,39
0,29,443.73779,72.449997,1,0,0,0,1,0,38,39
1,29,443.73779,72.449997,0,1,0,0,1,0,38,39
0,59,443.73779,72.449997,1,0,0,0,1,0,38,39
0,34,443.73779,72.449997,0,1,0,0,1,0,38,39
1,29,443.73779,72.449997,0,0,0,0,1,0,38,39
0,59,443.73779,72.449997,1,0,0,0,1,1,38,39
1,32,443.73779,72.449997,1,0,0,0,1,1,38,39
0,34,443.73779,72.449997,1,0,0,0,1,1,38,39
0,34,443.73779,72.449997,0,0,0,0,1,0,38,39
1,46,443.73779,72.449997,1,0,1,0,1,1,38,39
1,40,443.73779,72.449997,1,0,0,0,1,0,38,39
0,35,443.73779,72.449997,1,0,0,0,1,1,38,39
1,33,443.73779,72.449997,1,0,0,0,1,1,38,39
0,37,443.73779,72.449997,0,1,0,0,1,0,38,39
0,43,443.73779,72.449997,1,0,0,0,1,0,38,39
1,25,443.73779,72.449997,0,1,0,0,1,1,38,39
1,38,443.73779,72.449997,1,0,0,0,1,1,38,39
0,69,443.73779,72.449997,0,1,0,0,1,0,38,39
0,51,443.73779,72.449997,0,1,0,0,1,0,38,39
1,49,443.73779,72.449997,0,1,0,0,1,1,38,39
0,30,1019.487,82.800003,0,1,0,0,1,0,38,40
1,69,868.75781,82.800003,0,1,0,0,1,0,38,40
1,34,868.75781,82.800003,0,1,0,0,1,0,38,40
1,30,868.75781,82.800003,1,0,0,0,1,0,38,40
0,37,868.75781,82.800003,0,1,0,0,1,1,38,40
1,22,868.75781,82.800003,0,1,0,0,1,0,38,40
0,68,868.75781,82.800003,0,1,0,0,1,0,38,40
1,43,868.75781,82.800003,0,1,0,0,1,0,38,40
0,43,731.13147,222.91,0,1,0,0,1,0,39,41
1,68,731.13147,222.91,0,1,1,0,1,1,39,41
0,69,731.13147,222.91,0,1,0,0,1,1,39,41
1,52,731.13147,222.91,1,0,0,0,1,0,39,41
1,39,731.13147,222.91,1,0,0,0,1,1,39,41
1,24,731.13147,222.91,0,1,0,0,1,0,39,41
1,68,731.13147,222.91,0,1,0,0,1,1,39,41
0,51,857.9826,222.91,0,1,0,0,1,0,39,41
1,33,731.13147,222.91,0,1,1,0,1,1,39,41
0,32,731.13147,222.91,1,0,0,0,1,0,39,41
1,69,857.9826,222.91,0,1,0,0,1,1,39,41
1,29,857.9826,222.91,0,0,0,0,1,0,39,41
1,43,857.9826,222.91,0,1,0,0,1,0,39,41
0,56,857.9826,222.91,0,1,0,0,1,0,39,41
0,77,731.13147,222.91,0,1,0,0,1,0,39,41
0,25,731.13147,222.91,0,1,0,0,1,1,39,41
0,77,857.9826,222.91,0,1,0,0,1,1,39,41
0,34,857.9826,222.91,1,0,0,0,1,0,39,41
0,77,731.13147,222.91,0,1,0,0,1,1,39,41
0,70,1547.1169,191.23,0,1,0,0,1,0,39,42
1,30,1326.101,191.23,1,0,0,0,1,1,39,42
1,43,1547.1169,191.23,0,1,0,0,1,1,39,42
1,56,1326.101,191.23,0,0,0,0,1,0,39,42
1,41,1547.1169,191.23,1,0,0,0,1,1,39,42
0,30,1326.101,191.23,1,0,0,0,1,0,39,42
0,69,1547.1169,191.23,0,1,0,0,1,0,39,42
1,59,1326.101,191.23,0,1,1,0,1,1,39,42
1,33,1547.1169,191.23,0,1,0,0,1,1,39,42
1,69,1326.101,191.23,1,0,0,0,1,0,39,42
0,43,1326.101,191.23,0,1,0,0,1,0,39,42
0,55,1326.101,191.23,1,0,0,0,1,0,39,42
0,69,1563.7469,113.81,0,1,0,0,1,0,39,43
1,43,1824.371,113.81,1,0,0,0,1,0,39,43
1,16,1824.371,113.81,0,1,1,0,1,0,39,43
1,74,1824.371,113.81,0,1,0,0,1,1,39,43
0,85,1563.7469,113.81,0,1,0,0,1,0,39,43
0,56,1563.7469,113.81,0,1,0,0,1,0,39,43
0,53,1824.371,113.81,0,1,1,0,1,0,39,43
0,56,1824.371,113.81,0,1,0,0,1,1,39,43
1,43,1563.7469,113.81,0,1,0,0,1,1,39,43
0,59,1824.371,113.81,0,1,0,0,1,0,39,43
0,70,1824.371,113.81,0,1,0,0,1,0,39,43
0,54,1824.371,113.81,0,1,0,0,1,1,39,43
1,19,1824.371,113.81,1,0,0,0,1,0,39,43
0,85,1824.371,113.81,0,1,0,0,1,1,39,43
1,43,783.92078,73.720001,0,1,0,0,1,1,39,44
1,71,783.92078,73.720001,0,1,0,0,1,1,39,44
1,56,783.92078,73.720001,0,1,0,0,1,1,39,44
0,66,783.92078,73.720001,0,1,0,0,1,0,39,44
1,74,783.92078,73.720001,0,1,0,0,1,1,39,44
0,38,783.92078,73.720001,0,1,1,0,1,0,39,44
0,88,783.92078,73.720001,0,1,0,0,1,1,39,44
1,54,783.92078,73.720001,0,1,0,0,1,1,39,44
1,40,783.92078,73.720001,0,1,0,0,1,0,39,44
1,50,783.92078,73.720001,0,1,0,0,1,0,39,44
1,56,783.92078,73.720001,1,0,0,0,1,0,39,44
0,58,783.92078,73.720001,0,1,0,0,1,0,39,44
1,68,783.92078,73.720001,0,1,0,1,0,1,39,44
0,56,783.92078,73.720001,0,1,0,0,1,1,39,44
1,66,783.92078,73.720001,0,1,0,0,1,1,39,44
1,74,783.92078,73.720001,0,1,0,0,1,1,39,44
1,69,783.92078,73.720001,0,1,0,0,1,0,39,44
1,23,783.92078,73.720001,1,0,0,0,1,1,39,44
1,67,783.92078,73.720001,0,1,0,0,1,1,39,44
0,56,783.92078,73.720001,0,1,0,0,1,1,39,44
1,43,783.92078,73.720001,0,1,0,0,1,0,39,44
0,59,783.92078,73.720001,0,1,0,0,1,1,39,44
1,67,783.92078,73.720001,0,1,0,0,1,1,39,44
0,30,574.39752,99.93,1,0,0,0,1,0,37,45
1,19,674.05518,99.93,0,1,0,0,1,0,37,45
0,29,674.05518,99.93,0,1,0,0,1,0,37,45
1,39,574.39752,99.93,0,1,0,0,1,0,37,45
0,30,574.39752,99.93,1,0,0,0,1,1,37,45
1,29,574.39752,99.93,0,1,0,0,1,0,37,45
1,40,574.39752,99.93,0,1,0,0,1,1,37,45
0,29,574.39752,99.93,0,1,0,0,1,0,37,45
0,30,674.05518,99.93,0,1,0,0,1,0,37,45
1,67,574.39752,99.93,0,1,0,0,1,1,37,45
0,67,674.05518,99.93,0,1,0,0,1,0,37,45
1,34,574.39752,99.93,1,0,0,0,1,0,37,45
1,43,574.39752,99.93,0,1,0,0,1,1,37,45
1,41,585.07849,362.23001,1,0,0,0,1,0,39,46
0,23,686.58942,362.23001,1,0,0,0,1,0,39,46
0,66,686.58942,362.23001,0,1,0,0,1,0,39,46
0,34,585.07849,362.23001,1,0,0,0,1,0,39,46
1,34,585.07849,362.23001,1,0,0,0,1,0,39,46
1,40,585.07849,362.23001,1,0,0,0,1,0,39,46
0,66,585.07849,362.23001,0,1,0,0,1,1,39,46
0,21,585.07849,362.23001,1,0,0,0,1,1,39,46
0,50,585.07849,362.23001,1,0,1,0,1,0,39,46
1,34,585.07849,362.23001,1,0,0,0,1,0,39,46
1,26,585.07849,362.23001,0,0,0,0,1,1,39,46
0,45,686.58942,362.23001,1,0,0,0,1,0,39,46
0,59,585.07849,362.23001,0,1,0,0,0,1,39,46
0,43,585.07849,362.23001,1,0,0,0,1,0,39,46
1,34,585.07849,362.23001,1,0,0,0,1,0,39,46
1,43,686.58942,362.23001,0,1,0,0,1,0,39,46
1,67,585.07849,362.23001,1,0,0,0,1,0,39,46
1,31,686.58942,362.23001,1,0,0,0,1,1,39,46
1,21,585.07849,362.23001,0,0,0,0,1,0,39,46
0,30,585.07849,362.23001,1,0,0,0,1,0,39,46
1,90,737.73499,190.02,0,1,0,0,1,1,39,47
0,49,737.73499,190.02,0,1,0,0,1,0,39,47
1,67,628.66229,190.02,0,1,0,0,1,0,39,47
1,33,628.66229,190.02,1,0,0,0,1,0,39,47
1,56,628.66229,190.02,0,1,1,0,1,0,39,47
0,50,628.66229,190.02,1,0,0,0,1,0,39,47
0,30,628.66229,190.02,1,0,0,0,1,0,39,47
1,46,628.66229,190.02,0,1,0,0,1,0,39,47
0,34,628.66229,190.02,0,1,0,0,1,1,39,47
0,71,628.66229,190.02,0,1,0,0,1,0,39,47
1,33,737.73499,190.02,1,0,0,0,1,1,39,47
0,40,737.73499,190.02,0,1,0,0,1,0,39,47
1,33,628.66229,190.02,0,1,0,0,1,1,39,47
1,29,628.66229,190.02,1,0,0,0,1,0,39,47
1,67,737.73499,190.02,0,1,0,0,1,0,39,47
0,32,765.21161,120.12,0,1,0,0,1,0,39,48
0,43,652.07648,120.12,0,1,0,0,1,0,39,48
0,71,652.07648,120.12,0,1,0,0,1,0,39,48
0,60,652.07648,120.12,0,1,0,0,1,1,39,48
0,69,652.07648,120.12,0,1,0,0,1,0,39,48
0,34,652.07648,120.12,1,0,0,0,1,1,39,48
1,33,652.07648,120.12,0,1,0,0,1,0,39,48
1,64,652.07648,120.12,0,1,0,0,1,1,39,48
1,69,765.21161,120.12,0,1,0,1,1,1,39,48
0,55,652.07648,120.12,1,0,0,0,1,0,39,48
0,56,652.07648,120.12,0,1,0,0,1,0,39,48
1,88,652.07648,120.12,0,1,1,0,1,1,39,48
0,59,652.07648,120.12,1,0,0,0,1,0,39,48
0,69,652.07648,120.12,0,1,0,0,1,1,39,48
0,16,652.07648,120.12,1,0,0,0,1,0,39,48
1,34,652.07648,120.12,1,0,0,0,1,0,39,48
0,71,652.07648,120.12,1,0,0,0,1,1,39,48
0,45,765.21161,120.12,0,1,0,0,1,0,39,48
1,68,1245.23,499.35999,0,1,0,0,1,1,39,49
1,53,1245.23,499.35999,0,1,0,0,1,1,39,49
0,69,1452.7679,499.35999,0,1,0,0,1,0,39,49
0,29,1452.7679,499.35999,1,0,0,0,1,0,39,49
0,34,1452.7679,499.35999,0,1,0,0,1,0,39,49
1,40,1452.7679,499.35999,1,0,0,0,1,0,39,49
1,33,1245.23,499.35999,0,1,0,0,1,0,39,49
1,31,1245.23,499.35999,1,0,0,0,1,0,39,49
0,27,1245.23,499.35999,0,1,0,0,1,0,39,49
0,37,1245.23,499.35999,1,0,0,0,1,0,39,49
0,52,1452.7679,499.35999,0,1,0,0,1,0,39,49
1,23,1245.23,499.35999,1,0,0,0,1,0,39,49
1,32,1452.7679,499.35999,0,1,0,0,1,0,39,49
0,28,1245.23,499.35999,1,0,0,0,1,0,39,49
1,59,1452.7679,499.35999,0,1,0,0,1,0,39,49
1,39,1245.23,499.35999,0,1,0,0,1,1,39,49
1,22,1452.7679,499.35999,0,0,0,0,1,0,39,49
1,30,1245.23,499.35999,0,0,0,0,1,0,39,49
1,34,1245.23,499.35999,0,1,0,0,1,0,39,49
1,59,1245.23,499.35999,0,1,0,0,1,1,39,49
0,28,853.71552,207.67,1,0,0,0,1,0,46,50
1,34,1013.208,207.67,1,0,0,0,1,0,46,50
1,39,853.71552,207.67,0,1,0,0,1,1,46,50
0,67,1013.208,207.67,0,1,0,0,1,0,46,50
1,88,853.71552,207.67,0,1,0,0,1,1,46,50
1,34,1013.208,207.67,1,0,0,0,1,0,46,50
1,59,853.71552,207.67,1,0,0,0,1,0,46,50
1,67,853.71552,207.67,1,0,0,0,1,1,46,50
0,30,853.71552,207.67,1,0,0,0,1,0,46,50
1,69,1013.208,207.67,0,1,0,0,1,1,46,50
0,23,1013.208,207.67,1,0,0,0,1,0,46,50
1,29,853.71552,207.67,0,1,0,0,1,0,46,50
1,23,853.71552,207.67,1,0,0,0,1,1,46,50
1,34,853.71552,207.67,0,1,0,0,1,1,46,50
0,28,1013.208,207.67,0,1,0,0,1,0,46,50
1,69,853.71552,207.67,1,0,0,0,1,1,46,50
0,54,853.71552,207.67,1,0,0,0,1,0,46,50
1,29,853.71552,207.67,1,0,0,0,1,0,46,50
1,34,853.71552,207.67,0,0,0,0,1,1,46,50
1,21,853.71552,207.67,0,1,0,0,1,0,46,50
0,24,853.71552,207.67,0,1,0,0,1,0,46,50
1,28,3858.783,3352.3201,1,0,0,0,1,0,46,51
0,34,3858.783,3352.3201,0,1,0,0,1,0,46,51
0,67,3858.783,3352.3201,0,1,0,0,1,0,46,51
0,26,3354.0049,2913.79,1,0,0,0,1,0,45,52
0,30,1082.088,252.87,0,1,0,0,1,1,47,53
1,83,1082.088,252.87,0,1,0,0,1,1,47,53
1,23,1082.088,252.87,1,0,0,0,1,0,47,53
1,34,1082.088,252.87,1,0,0,0,1,0,47,53
1,56,1082.088,252.87,0,1,0,0,1,0,47,53
0,21,1082.088,252.87,0,1,0,0,1,1,47,53
0,87,1082.088,252.87,0,1,0,0,1,0,47,53
0,34,1082.088,252.87,1,0,0,0,1,0,47,53
0,23,1082.088,252.87,1,0,0,0,1,0,47,53
0,37,1082.088,252.87,0,1,0,0,1,0,47,53
0,28,1082.088,252.87,0,1,0,0,1,0,47,53
0,28,1082.088,252.87,1,0,0,0,1,0,47,53
0,56,911.75269,252.87,0,1,0,0,0,1,47,53
1,28,911.75269,252.87,1,0,0,0,1,1,47,53
1,28,1082.088,252.87,1,0,0,0,1,0,47,53
1,59,911.75269,252.87,0,1,0,0,1,0,47,53
0,23,911.75269,252.87,1,0,0,0,1,0,47,53
0,34,911.75269,252.87,1,0,0,0,1,0,47,53
1,53,1082.088,252.87,1,0,0,0,1,0,47,53
1,33,911.75269,252.87,0,1,0,0,1,1,47,53
0,32,911.75269,252.87,1,0,0,0,1,0,47,53
0,19,557.73572,465.51001,0,1,0,0,1,0,45,54
1,51,557.73572,465.51001,1,0,0,0,1,1,45,54
1,30,492.1651,465.51001,1,0,0,0,1,0,45,54
0,87,557.73572,465.51001,0,1,0,0,1,1,45,54
0,33,557.73572,465.51001,1,0,0,0,1,0,45,54
0,37,557.73572,465.51001,0,1,0,0,1,0,45,54
1,88,557.73572,465.51001,0,1,0,0,1,1,45,54
1,25,492.1651,465.51001,1,0,0,0,1,1,45,54
1,38,557.73572,465.51001,1,0,0,0,1,0,45,54
0,69,557.73572,465.51001,0,1,0,1,0,0,45,54
1,70,557.73572,465.51001,1,0,0,0,1,0,45,54
0,39,557.73572,465.51001,0,1,0,0,1,0,45,54
1,69,557.73572,465.51001,0,1,0,0,1,1,45,54
1,29,492.1651,465.51001,1,0,0,0,1,0,45,54
1,56,557.73572,465.51001,0,1,0,0,1,1,45,54
0,87,492.1651,465.51001,0,1,0,0,1,1,45,54
1,50,492.1651,465.51001,0,1,0,0,1,1,45,54
1,69,557.73572,465.51001,0,1,0,0,1,0,45,54
0,69,557.73572,465.51001,0,1,0,0,1,0,45,54
0,56,557.73572,465.51001,0,1,0,0,1,0,45,54
0,51,557.73572,465.51001,0,1,0,0,1,0,45,54
1,51,492.1651,465.51001,0,1,0,0,1,0,45,54
1,33,838.0799,838.08002,0,1,0,0,1,0,45,55
1,43,994.65112,838.08002,0,1,0,0,1,0,45,55
1,37,994.65112,838.08002,0,0,0,0,1,0,45,55
1,23,994.65112,838.08002,0,0,0,0,1,1,45,55
0,30,994.65112,838.08002,1,0,0,0,1,0,45,55
1,28,994.65112,838.08002,0,1,0,0,1,0,45,55
0,43,994.65112,838.08002,0,1,0,0,1,0,45,55
1,27,838.0799,838.08002,1,0,0,0,1,0,45,55
1,28,838.0799,838.08002,0,1,0,0,1,0,45,55
0,30,994.65112,838.08002,0,1,0,0,1,1,45,55
0,24,838.0799,838.08002,0,1,0,0,1,0,45,55
1,34,838.0799,838.08002,0,1,0,0,1,0,45,55
0,28,994.65112,838.08002,0,1,0,0,1,0,45,55
0,28,994.65112,838.08002,0,1,0,0,1,0,45,55
0,21,838.0799,838.08002,0,1,0,0,0,0,45,55
1,28,838.0799,838.08002,0,1,0,0,1,1,45,55
0,28,838.0799,838.08002,1,0,0,0,1,1,45,55
1,31,994.65112,838.08002,1,0,0,0,1,0,45,55
1,28,838.0799,838.08002,1,0,0,0,1,1,45,55
1,23,703.06378,88.739998,1,0,0,0,1,1,45,56
0,30,703.06378,88.739998,1,0,0,0,1,0,45,56
1,69,834.41107,88.739998,0,1,0,0,1,0,45,56
0,43,834.41107,88.739998,0,1,0,0,1,0,45,56
0,77,834.41107,88.739998,1,0,0,0,1,0,45,56
0,56,834.41107,88.739998,0,1,0,0,1,0,45,56
0,50,834.41107,88.739998,0,1,0,0,1,0,45,56
1,33,703.06378,88.739998,0,1,0,0,1,0,45,56
1,66,703.06378,88.739998,0,1,0,0,1,0,45,56
0,23,703.06378,88.739998,1,0,0,0,1,0,45,56
1,88,703.06378,88.739998,0,1,0,1,1,1,45,56
0,56,703.06378,88.739998,0,1,0,0,1,1,45,56
1,40,834.41107,88.739998,1,0,0,0,1,1,45,56
1,29,834.41107,88.739998,0,0,0,0,1,0,45,56
1,49,703.06378,88.739998,0,1,0,0,1,0,45,56
0,28,834.41107,88.739998,0,1,0,0,1,1,45,56
0,49,703.06378,88.739998,0,1,0,0,1,0,45,56
1,32,703.06378,88.739998,0,1,0,0,1,1,45,56
1,28,981.2644,362.13,0,1,0,0,1,0,47,57
1,26,981.2644,362.13,1,0,0,0,1,0,47,57
0,21,981.2644,362.13,1,0,0,0,1,0,47,57
1,59,981.2644,362.13,0,1,0,0,1,0,47,57
1,46,981.2644,362.13,1,0,0,0,1,1,47,57
0,30,981.2644,362.13,1,0,0,0,1,0,47,57
1,26,981.2644,362.13,0,1,0,0,1,0,47,57
1,36,981.2644,362.13,1,0,0,0,1,1,47,57
1,23,981.2644,362.13,1,0,0,0,1,0,47,57
0,30,981.2644,362.13,1,0,0,0,1,1,47,57
1,30,981.2644,362.13,0,1,0,0,1,1,47,57
1,33,981.2644,362.13,0,1,0,0,1,0,47,57
1,29,981.2644,362.13,0,1,0,0,1,0,47,57
1,34,981.2644,362.13,1,0,0,0,1,1,47,57
1,19,981.2644,362.13,0,0,0,0,1,0,47,57
0,29,1267.722,182.34,0,1,0,0,1,0,47,58
1,51,1267.722,182.34,0,1,0,0,1,1,47,58
0,31,1068.166,182.34,0,1,0,0,1,0,47,58
0,32,1267.722,182.34,0,1,0,0,1,0,47,58
1,49,1267.722,182.34,0,1,0,0,1,0,47,58
0,83,1267.722,182.34,0,1,0,0,1,0,47,58
1,34,1068.166,182.34,0,1,0,0,1,1,47,58
1,53,1068.166,182.34,0,1,0,0,1,0,47,58
1,40,1267.722,182.34,0,1,0,0,1,0,47,58
0,51,1267.722,182.34,1,0,0,0,1,0,47,58
1,29,1068.166,182.34,1,0,0,0,1,0,47,58
1,21,1267.722,182.34,0,1,0,0,1,1,47,58
1,34,1068.166,182.34,0,1,0,0,1,0,47,58
0,50,1068.166,182.34,0,1,0,0,1,1,47,58
1,37,1267.722,182.34,0,1,0,0,1,0,47,58
1,56,1068.166,182.34,0,1,0,0,1,0,47,58
0,22,1267.722,182.34,1,0,0,0,1,0,47,58
1,67,1068.166,182.34,0,1,0,0,1,0,47,58
0,34,1068.166,182.34,0,1,0,0,1,1,47,58
0,38,1068.166,182.34,1,0,0,0,1,0,47,58
0,69,1267.722,182.34,1,0,0,0,1,0,47,58
0,43,1079.879,56.66,0,1,0,1,1,0,12,59
1,30,1234.1479,56.66,0,0,0,1,1,0,12,59
1,29,1079.879,56.66,0,0,0,1,0,0,12,59
1,45,830.95709,42.259998,1,0,0,0,1,0,13,60
1,49,830.95709,42.259998,0,1,1,0,1,0,13,60
1,56,830.95709,42.259998,1,0,0,0,1,0,13,60
0,38,830.95709,42.259998,1,0,0,0,1,0,13,60
0,29,949.66528,42.259998,0,1,0,0,1,0,13,60
1,59,830.95709,42.259998,1,0,0,0,1,1,13,60
1,77,830.95709,42.259998,0,1,0,0,1,0,13,60
0,53,949.66528,42.259998,0,1,0,0,1,0,13,60
0,58,949.66528,42.259998,1,0,0,0,1,1,13,60
0,71,830.95709,42.259998,0,1,0,0,1,0,13,60
1,40,949.66528,42.259998,0,1,0,0,1,0,13,60
0,34,830.95709,42.259998,1,0,0,0,1,0,13,60
0,69,949.66528,42.259998,0,1,0,0,1,0,13,60
0,23,949.66528,42.259998,1,0,1,0,1,0,13,60
0,30,830.95709,42.259998,1,0,0,1,1,0,13,60
0,66,830.95709,42.259998,1,0,0,1,1,1,13,60
1,30,830.95709,42.259998,0,1,0,0,1,0,13,60
1,49,949.66528,42.259998,0,1,0,0,1,1,13,60
1,33,528.7475,31.440001,1,0,0,0,1,1,13,61
0,51,528.7475,31.440001,0,1,0,0,1,0,13,61
1,65,528.7475,31.440001,0,1,0,1,1,1,13,61
0,59,528.7475,31.440001,0,1,0,0,1,1,13,61
1,34,604.2829,31.440001,1,0,1,0,1,0,13,61
0,23,604.2829,31.440001,1,0,0,0,1,1,13,61
1,43,528.7475,31.440001,1,0,0,0,1,0,13,61
1,34,604.2829,31.440001,1,0,0,0,1,0,13,61
0,53,528.7475,31.440001,0,1,0,0,1,0,13,61
0,16,528.7475,31.440001,0,0,0,1,1,0,13,61
1,54,604.2829,31.440001,0,1,0,0,1,0,13,61
0,65,493.9425,409.45001,1,0,0,0,1,0,14,62
0,29,493.9425,409.45001,0,1,0,0,1,0,14,62
1,30,493.9425,409.45001,1,0,0,0,1,0,14,62
1,21,493.9425,409.45001,0,1,0,1,1,0,14,62
1,50,493.9425,409.45001,0,1,0,0,1,0,14,62
0,51,493.9425,409.45001,1,0,0,0,1,0,14,62
0,30,919.79559,190.37,1,0,0,0,1,0,30,63
0,45,919.79559,190.37,1,0,0,0,1,0,30,63
1,67,919.79559,190.37,0,1,0,0,1,1,30,63
1,33,919.79559,190.37,1,0,0,0,1,1,30,63
0,67,919.79559,190.37,0,1,0,0,1,1,30,63
1,43,919.79559,190.37,0,1,0,0,1,1,30,63
1,71,919.79559,190.37,1,0,0,0,1,0,30,63
1,16,919.79559,190.37,1,0,0,1,0,0,30,63
1,71,919.79559,190.37,0,1,0,1,0,1,30,63
1,23,919.79559,190.37,1,0,0,0,1,0,30,63
1,56,919.79559,190.37,0,1,0,0,1,0,30,63
0,49,919.79559,190.37,0,1,0,0,1,0,30,63
0,71,919.79559,190.37,1,0,0,0,1,0,30,63
0,59,919.79559,190.37,1,0,0,0,1,0,30,63
1,68,919.79559,190.37,0,1,0,0,1,0,30,63
1,24,1057.213,63,0,1,0,0,1,1,31,64
0,33,1295.939,63,0,1,0,0,1,0,31,64
0,69,1057.213,63,1,0,0,0,1,0,31,64
1,29,1295.939,63,1,0,0,0,1,0,31,64
1,49,1057.213,63,1,0,0,0,1,1,31,64
0,70,1295.939,63,0,1,0,0,1,1,31,64
1,56,1057.213,63,0,1,0,0,1,0,31,64
1,31,1295.939,63,0,1,1,0,1,1,31,64
1,23,1295.939,63,0,1,0,0,1,0,31,64
0,53,1057.213,63,1,0,0,0,1,1,31,64
1,85,1057.213,63,0,1,0,1,1,1,31,64
0,67,1295.939,63,0,1,0,0,1,0,31,64
1,70,1295.939,63,0,1,0,0,1,0,31,64
0,68,1057.213,63,0,1,0,0,1,1,31,64
0,30,1057.213,63,1,0,0,0,1,0,31,64
1,51,1126.98,114.29,0,1,1,0,1,1,33,65
1,69,1126.98,114.29,1,0,0,0,1,0,33,65
1,88,1277.126,114.29,0,1,0,0,1,0,33,65
0,67,1126.98,114.29,0,1,0,0,1,1,33,65
0,39,1277.126,114.29,1,0,0,0,1,0,33,65
1,56,1126.98,114.29,0,1,0,0,1,1,33,65
1,69,1126.98,114.29,0,1,0,0,1,1,33,65
0,43,1126.98,114.29,0,1,0,1,1,0,33,65
0,43,1126.98,114.29,0,1,0,0,1,1,33,65
0,33,1126.98,114.29,0,1,0,0,1,1,33,65
1,70,1126.98,114.29,0,1,0,0,1,1,33,65
0,70,1126.98,114.29,0,1,0,0,1,1,33,65
1,85,1277.126,114.29,0,1,0,0,1,0,33,65
1,56,1126.98,114.29,0,1,0,0,1,1,33,65
0,71,1277.126,114.29,1,0,0,0,1,0,33,65
1,56,1277.126,114.29,0,1,1,0,1,0,33,65
0,40,1277.126,114.29,0,1,0,0,1,0,33,65
0,69,1126.98,114.29,0,1,0,0,1,0,33,65
0,88,1277.126,114.29,0,1,0,0,1,1,33,65
0,70,1126.98,114.29,0,1,0,0,1,0,33,65
0,77,1277.126,114.29,0,1,0,0,1,1,33,65
1,69,1126.98,114.29,0,1,0,0,1,1,33,65
1,49,1126.98,114.29,0,1,0,0,1,0,33,65
1,66,1126.98,114.29,0,1,0,0,1,1,33,65
1,29,801.02612,175.22,0,1,0,0,1,0,33,66
1,40,801.02612,175.22,1,0,0,0,1,0,33,66
1,71,801.02612,175.22,0,1,0,0,1,0,33,66
0,29,801.02612,175.22,1,0,0,0,1,0,33,66
0,38,801.02612,175.22,0,1,0,0,1,0,33,66
1,71,801.02612,175.22,0,1,0,0,1,1,33,66
0,54,801.02612,175.22,1,0,0,0,1,1,33,66
1,71,801.02612,175.22,1,0,0,0,1,1,33,66
0,29,801.02612,175.22,0,1,0,0,1,1,33,66
0,69,801.02612,175.22,0,1,0,0,1,0,33,66
1,30,801.02612,175.22,1,0,0,0,1,0,33,66
1,58,801.02612,175.22,0,1,0,0,1,0,33,66
1,70,801.02612,175.22,0,1,0,0,1,1,33,66
1,70,801.02612,175.22,0,1,0,0,1,1,33,66
0,56,801.02612,175.22,1,0,0,0,1,0,33,66
0,24,801.02612,175.22,0,1,0,0,1,0,33,66
1,34,801.02612,175.22,1,0,0,0,1,0,33,66
0,70,801.02612,175.22,0,1,0,0,1,1,33,66
0,30,801.02612,175.22,0,1,0,0,1,0,33,66
0,21,801.02612,175.22,1,0,0,0,1,1,33,66
0,30,801.02612,175.22,0,1,0,0,1,0,33,66
0,56,1108.231,61.080002,0,1,0,0,1,0,33,67
0,41,1108.231,61.080002,0,1,0,0,1,1,33,67
1,69,1358.4771,61.080002,0,1,0,0,1,1,33,67
0,51,1108.231,61.080002,0,1,0,0,1,0,33,67
0,51,1108.231,61.080002,1,0,0,0,1,1,33,67
0,70,1358.4771,61.080002,0,1,0,0,1,0,33,67
1,67,1108.231,61.080002,0,1,0,0,1,1,33,67
1,54,1108.231,61.080002,0,1,0,0,1,0,33,67
1,70,1108.231,61.080002,1,0,0,0,1,0,33,67
0,56,1358.4771,61.080002,0,1,0,0,1,0,33,67
0,71,1108.231,61.080002,0,1,0,0,1,0,33,67
0,56,1358.4771,61.080002,0,1,0,0,1,0,33,67
1,40,1108.231,61.080002,1,0,0,0,1,0,33,67
1,67,1108.231,61.080002,0,1,0,0,1,1,33,67
1,23,1358.4771,61.080002,0,1,0,0,1,0,33,67
1,69,1108.231,61.080002,0,1,0,0,1,1,33,67
1,67,1108.231,61.080002,1,0,0,0,1,1,33,67
1,64,1358.4771,61.080002,0,1,0,0,1,0,33,67
1,51,1108.231,61.080002,0,1,0,0,1,1,33,67
1,79,1108.231,61.080002,1,0,0,0,1,0,33,67
0,38,1108.231,61.080002,0,1,0,0,1,1,33,67
0,46,1358.4771,61.080002,0,1,0,0,1,1,33,67
1,51,1108.231,61.080002,0,1,0,0,1,0,33,67
0,38,3310.511,2065.54,1,0,0,0,1,0,43,68
0,30,856.87543,71.690002,1,0,0,0,1,0,43,69
0,53,979.28619,71.690002,1,0,1,0,1,0,43,69
1,30,856.87543,71.690002,1,0,0,0,1,0,43,69
1,35,856.87543,71.690002,1,0,0,0,1,1,43,69
0,31,979.28619,71.690002,1,0,0,0,1,0,43,69
1,27,856.87543,71.690002,0,0,0,1,0,0,43,69
1,30,979.28619,71.690002,0,0,0,1,1,0,43,69
0,32,856.87543,71.690002,0,0,0,1,0,1,43,69
1,34,856.87543,71.690002,1,0,0,0,1,0,43,69
1,34,856.87543,71.690002,1,0,0,0,1,1,43,69
1,56,1542.834,83.589996,0,1,0,0,1,1,43,70
0,56,1542.834,83.589996,1,0,0,0,1,0,43,70
0,30,1542.834,83.589996,0,1,0,0,0,0,43,70
1,34,1258.6281,83.589996,1,0,0,0,1,0,43,70
1,23,1542.834,83.589996,0,0,0,1,0,0,43,70
1,40,1542.834,83.589996,1,0,0,0,1,0,43,70
1,58,1258.6281,83.589996,1,0,0,0,1,0,43,70
1,50,1258.6281,83.589996,0,1,0,0,1,1,43,70
1,68,1258.6281,83.589996,0,1,0,0,1,0,43,70
0,56,1542.834,83.589996,0,1,0,0,1,0,43,70
0,31,1542.834,83.589996,1,0,0,0,1,0,43,70
1,51,1133.67,53.439999,0,1,0,0,1,1,43,71
1,43,1133.67,53.439999,1,0,0,0,1,1,43,71
0,34,1133.67,53.439999,0,1,0,0,1,0,43,71
0,69,924.83582,53.439999,0,1,0,0,1,0,43,71
1,77,1133.67,53.439999,0,1,0,0,1,1,43,71
0,69,924.83582,53.439999,0,1,0,0,1,1,43,71
1,77,1133.67,53.439999,0,1,0,0,1,1,43,71
0,59,1133.67,53.439999,1,0,0,0,1,0,43,71
0,28,1133.67,53.439999,0,1,0,0,1,1,43,71
1,34,924.83582,53.439999,1,0,0,0,1,0,43,71
1,34,1133.67,53.439999,1,0,0,0,1,1,43,71
0,67,924.83582,53.439999,0,1,0,0,1,0,43,71
0,29,1133.67,53.439999,1,0,0,0,1,0,43,71
0,40,924.83582,53.439999,0,1,0,0,1,1,43,71
0,69,924.83582,53.439999,0,1,0,0,1,0,43,71
0,32,1133.67,53.439999,1,0,0,0,1,0,43,71
1,30,1133.67,53.439999,0,1,0,0,1,0,43,71
1,30,1133.67,53.439999,1,0,0,0,1,0,43,71
0,34,1133.67,53.439999,1,0,0,0,1,0,43,71
0,69,924.83582,53.439999,0,1,0,0,1,1,43,71
1,34,391.33041,65.800003,1,0,0,0,1,0,43,72
0,32,342.41409,65.800003,1,0,0,0,1,0,43,72
0,30,342.41409,65.800003,0,1,0,0,1,0,43,72
1,54,346.78229,261.45999,1,0,0,0,1,1,43,73
1,44,346.78229,261.45999,0,1,0,0,1,0,43,73
1,70,346.78229,261.45999,0,1,0,0,1,1,43,73
1,69,346.78229,261.45999,0,1,0,0,1,1,43,73
1,32,346.78229,261.45999,0,1,0,0,1,1,43,73
1,69,346.78229,261.45999,0,1,0,0,1,1,43,73
1,30,346.78229,261.45999,0,1,0,0,1,0,43,73
1,69,346.78229,261.45999,1,0,0,0,1,1,43,73
0,50,346.78229,261.45999,0,1,0,0,1,1,43,73
1,34,346.78229,261.45999,1,0,0,0,1,0,43,73
0,36,346.78229,261.45999,1,0,0,0,1,0,43,73
0,56,346.78229,261.45999,0,1,0,0,1,0,43,73
1,67,346.78229,261.45999,0,1,0,0,1,1,43,73
1,50,346.78229,261.45999,0,1,0,0,1,0,43,73
1,85,346.78229,261.45999,0,1,0,0,1,1,43,73
1,36,346.78229,261.45999,0,1,0,0,1,1,43,73
1,70,346.78229,261.45999,0,1,0,0,1,0,43,73
1,39,346.78229,261.45999,0,1,0,0,1,1,43,73
0,36,346.78229,261.45999,0,1,0,0,1,1,43,73
1,36,346.78229,261.45999,1,0,0,0,1,1,43,73
1,23,346.78229,261.45999,1,0,0,0,1,1,43,73
0,29,346.78229,261.45999,0,1,0,0,1,0,43,73
0,50,346.78229,261.45999,0,1,0,0,1,0,43,73
0,56,346.78229,261.45999,0,1,0,0,1,0,43,73
1,29,346.78229,261.45999,0,1,0,0,1,1,43,73
1,52,346.78229,261.45999,1,0,0,0,1,1,43,73
0,30,346.78229,261.45999,1,0,0,0,0,0,43,73
1,56,346.78229,261.45999,0,1,0,0,1,1,43,73
0,69,1411.444,99.639999,0,1,0,0,1,0,43,74
0,71,1411.444,99.639999,0,1,0,0,1,0,43,74
1,54,1151.441,99.639999,0,1,0,0,1,0,43,74
1,67,1151.441,99.639999,0,1,0,0,1,1,43,74
1,71,1151.441,99.639999,0,1,0,1,1,1,43,74
1,70,1151.441,99.639999,0,1,0,0,1,1,43,74
0,40,1411.444,99.639999,0,1,0,0,1,0,43,74
0,74,1151.441,99.639999,0,1,0,1,0,1,43,74
1,69,1151.441,99.639999,0,1,0,1,1,1,43,74
0,43,1151.441,99.639999,0,1,0,0,1,0,43,74
1,69,1411.444,99.639999,0,1,0,0,1,0,43,74
1,29,1411.444,99.639999,0,1,0,0,1,0,43,74
1,50,1151.441,99.639999,0,1,0,0,1,1,43,74
1,30,1151.441,99.639999,0,1,0,0,1,1,43,74
1,88,1151.441,99.639999,0,1,0,0,1,1,43,74
1,34,1411.444,99.639999,1,0,0,0,1,1,43,74
0,26,1151.441,99.639999,1,0,0,0,1,1,43,74
1,57,1151.441,99.639999,0,1,0,0,1,1,43,74
0,69,1411.444,99.639999,0,1,1,0,1,0,43,74
0,71,1151.441,99.639999,0,1,0,0,1,1,43,74
1,53,1151.441,99.639999,0,1,0,1,1,0,43,74
0,69,1151.441,99.639999,0,1,0,1,1,1,43,74
0,69,1411.444,99.639999,0,1,0,0,1,1,43,74
0,71,1411.444,99.639999,0,1,0,0,1,0,43,74
1,34,1304.485,299.20999,0,1,0,0,1,0,44,75
0,30,1304.485,299.20999,1,0,0,0,1,1,44,75
1,30,1304.485,299.20999,1,0,0,0,1,0,44,75
0,34,1599.046,299.20999,1,0,0,0,1,0,44,75
0,30,1304.485,299.20999,1,0,0,0,1,1,44,75
1,56,1304.485,299.20999,0,1,0,0,1,1,44,75
0,25,1599.046,299.20999,1,0,0,0,1,1,44,75
1,70,1599.046,299.20999,1,0,0,0,1,1,44,75
1,30,1599.046,299.20999,1,0,0,0,1,1,44,75
1,70,1599.046,299.20999,1,0,0,0,1,1,44,75
1,69,1304.485,299.20999,1,0,0,0,1,0,44,75
1,49,1304.485,299.20999,1,0,0,0,1,0,44,75
1,37,1599.046,299.20999,1,0,0,0,1,1,44,75
1,23,1304.485,299.20999,1,0,0,0,1,0,44,75
1,35,1304.485,299.20999,1,0,0,0,1,0,44,75
0,30,1304.485,299.20999,1,0,0,0,1,1,44,75
1,29,1304.485,299.20999,1,0,0,0,1,0,44,75
0,41,1599.046,299.20999,0,1,0,0,1,0,44,75
1,71,629.01782,72.300003,1,0,0,0,1,0,44,76
0,69,629.01782,72.300003,0,1,0,0,1,0,44,76
0,30,629.01782,72.300003,1,0,0,0,1,0,44,76
0,69,629.01782,72.300003,1,0,0,0,1,0,44,76
1,45,629.01782,72.300003,1,0,0,0,1,0,44,76
0,51,629.01782,72.300003,0,1,0,0,1,0,44,76
1,33,629.01782,72.300003,1,0,0,0,1,0,44,76
0,67,629.01782,72.300003,0,1,0,0,1,1,44,76
0,41,629.01782,72.300003,1,0,0,0,1,1,44,76
1,43,629.01782,72.300003,0,1,0,0,1,0,44,76
1,34,629.01782,72.300003,1,0,0,0,1,1,44,76
1,32,629.01782,72.300003,0,1,0,0,1,1,44,76
0,34,629.01782,72.300003,1,0,0,0,1,0,44,76
1,51,629.01782,72.300003,1,0,0,0,1,0,44,76
1,67,629.01782,72.300003,0,1,0,0,1,1,44,76
1,69,629.01782,72.300003,1,0,0,0,1,0,44,76
0,23,629.01782,72.300003,1,0,0,0,1,0,44,76
0,70,629.01782,72.300003,0,1,0,0,1,0,44,76
0,56,629.01782,72.300003,0,1,0,0,1,0,44,76
1,50,1183.786,95.010002,0,1,0,0,1,1,44,77
0,38,1183.786,95.010002,0,0,0,0,1,0,44,77
0,30,965.72028,95.010002,1,0,0,0,1,0,44,77
0,88,1183.786,95.010002,0,1,0,0,1,1,44,77
1,23,1183.786,95.010002,0,1,0,0,1,1,44,77
1,49,965.72028,95.010002,0,0,0,1,0,0,44,77
0,40,1183.786,95.010002,0,1,0,0,1,0,44,77
0,30,965.72028,95.010002,0,1,0,0,1,1,44,77
0,41,1183.786,95.010002,0,1,0,0,1,1,44,77
0,59,965.72028,95.010002,1,0,0,0,1,0,44,77
0,38,1183.786,95.010002,0,1,0,0,1,0,44,77
0,77,1183.786,95.010002,0,1,0,0,1,0,44,77
0,59,1183.786,95.010002,1,0,0,0,1,1,44,77
1,56,1183.786,95.010002,1,0,0,0,1,0,44,77
1,37,1183.786,95.010002,1,0,0,0,1,0,44,77
0,59,965.72028,95.010002,1,0,0,0,1,0,44,77
0,54,825.50018,74.300003,0,1,0,0,1,1,44,78
1,69,825.50018,74.300003,0,1,0,0,1,0,44,78
1,51,825.50018,74.300003,0,1,0,0,1,1,44,78
1,59,825.50018,74.300003,0,1,0,0,1,1,44,78
1,23,825.50018,74.300003,1,0,0,0,1,0,44,78
1,45,825.50018,74.300003,0,1,0,0,1,0,44,78
1,59,825.50018,74.300003,0,1,0,0,1,1,44,78
1,30,825.50018,74.300003,1,0,0,0,1,1,44,78
0,43,825.50018,74.300003,1,0,0,0,1,0,44,78
1,90,825.50018,74.300003,0,1,0,0,1,0,44,78
1,44,825.50018,74.300003,0,1,0,0,1,1,44,78
1,34,825.50018,74.300003,1,0,0,0,1,0,44,78
0,51,825.50018,74.300003,0,1,0,0,1,1,44,78
1,85,320.52029,41.950001,0,1,0,0,1,1,51,79
0,71,320.52029,41.950001,0,1,0,0,1,0,51,79
1,59,320.52029,41.950001,1,0,1,0,1,0,51,79
0,67,320.52029,41.950001,0,1,0,0,1,1,51,79
0,51,320.52029,41.950001,0,1,0,0,1,1,51,79
0,85,320.52029,41.950001,0,1,0,0,1,1,51,79
1,37,320.52029,41.950001,1,0,0,0,1,1,51,79
0,59,320.52029,41.950001,0,1,0,0,1,0,51,79
1,33,320.52029,41.950001,0,1,0,0,1,1,51,79
1,69,320.52029,41.950001,0,1,0,0,1,0,51,79
1,33,320.52029,41.950001,0,0,0,1,0,1,51,79
1,30,320.52029,41.950001,1,0,0,0,1,0,51,79
1,67,320.52029,41.950001,0,1,0,0,1,0,51,79
0,51,320.52029,41.950001,1,0,0,0,1,1,51,79
1,67,320.52029,41.950001,0,1,0,0,1,1,51,79
1,67,320.52029,41.950001,0,1,0,0,1,1,51,79
1,58,320.52029,41.950001,1,0,0,0,1,0,51,79
0,30,320.52029,41.950001,0,1,0,0,1,0,51,79
1,77,320.52029,41.950001,0,1,0,0,1,1,51,79
1,64,320.52029,41.950001,0,1,0,0,1,1,51,79
0,64,866.66962,122.45,0,1,0,0,1,0,51,80
1,50,866.66962,122.45,0,1,1,0,1,0,51,80
1,30,866.66962,122.45,0,1,0,0,0,0,51,80
1,69,866.66962,122.45,0,1,0,0,1,0,51,80
1,32,866.66962,122.45,0,1,0,0,1,0,51,80
1,30,866.66962,122.45,0,1,0,0,1,0,51,80
1,30,866.66962,122.45,0,1,0,0,1,0,51,80
0,26,866.66962,122.45,0,0,0,0,1,0,51,80
0,29,866.66962,122.45,1,0,0,0,1,0,51,80
1,34,866.66962,122.45,0,1,0,0,1,0,51,80
1,37,866.66962,122.45,0,1,0,0,1,0,51,80
1,33,866.66962,122.45,0,1,0,0,1,0,51,80
1,33,866.66962,122.45,1,0,0,0,1,0,51,80
1,23,345.414,301.63,0,1,1,0,0,1,52,81
1,16,345.414,301.63,1,0,0,0,1,0,52,81
0,23,345.414,301.63,0,0,0,1,1,0,52,81
1,56,319.61539,301.63,0,1,0,1,1,0,52,81
1,43,319.61539,301.63,0,0,0,1,0,0,52,81
1,30,345.414,301.63,0,0,0,1,0,0,52,81
0,53,345.414,301.63,0,1,0,0,1,1,52,81
0,44,319.61539,301.63,1,0,0,1,0,0,52,81
0,37,319.61539,301.63,0,1,0,0,1,1,52,81
1,16,345.414,301.63,0,0,0,1,1,1,52,81
1,16,345.414,301.63,0,0,0,1,0,0,52,81
0,69,319.61539,301.63,0,1,0,0,1,0,52,81
1,56,345.414,301.63,1,0,0,0,1,1,52,81
1,49,319.61539,301.63,1,0,0,0,1,1,52,81
1,59,345.414,301.63,0,1,0,0,1,1,52,81
0,59,319.61539,301.63,0,1,0,0,1,1,52,81
1,33,345.414,301.63,1,0,0,0,1,1,52,81
0,23,345.414,301.63,0,1,0,0,1,0,52,81
0,29,319.61539,301.63,0,1,0,0,1,0,52,81
0,16,319.61539,301.63,0,0,0,1,0,0,52,81
1,30,319.61539,301.63,1,0,0,1,0,0,52,81
1,67,2656.165,2251.6201,0,1,0,0,1,1,52,82
1,28,2656.165,2251.6201,0,0,0,0,1,0,52,82
0,69,725.68341,108.22,0,1,0,0,1,0,52,83
0,49,725.68341,108.22,0,1,0,0,1,1,52,83
1,85,725.68341,108.22,0,1,0,0,1,1,52,83
1,34,725.68341,108.22,1,0,0,0,1,1,52,83
1,34,725.68341,108.22,0,0,0,0,1,0,52,83
0,30,725.68341,108.22,0,0,0,0,1,0,52,83
1,74,725.68341,108.22,0,1,0,0,1,0,52,83
1,34,725.68341,108.22,1,0,0,0,1,1,52,83
1,88,725.68341,108.22,0,1,0,0,1,0,52,83
1,50,725.68341,108.22,1,0,0,0,1,1,52,83
1,49,725.68341,108.22,1,0,0,0,1,0,52,83
1,51,725.68341,108.22,0,1,0,0,1,1,52,83
0,69,725.68341,108.22,0,1,1,0,1,0,52,83
0,69,725.68341,108.22,0,1,0,0,1,0,52,83
1,57,725.68341,108.22,0,1,0,0,1,1,52,83
0,33,725.68341,108.22,1,0,0,0,1,0,52,83
1,69,725.68341,108.22,0,1,0,0,1,1,52,83
0,69,725.68341,108.22,0,1,0,0,1,1,52,83
0,25,725.68341,108.22,0,1,0,0,1,0,52,83
1,29,1235.795,1235.8,0,0,0,0,1,1,51,84
0,43,1235.795,1235.8,0,1,0,0,1,0,51,84
1,30,1335.545,1235.8,1,0,1,0,1,0,51,84
0,28,504.11691,275.69,1,0,0,0,1,0,51,85
0,69,504.11691,275.69,1,0,0,0,1,0,51,85
1,34,504.11691,275.69,1,0,0,0,1,1,51,85
0,21,544.80798,275.69,1,0,1,0,1,0,51,85
1,30,504.11691,275.69,1,0,0,0,1,0,51,85
1,28,504.11691,275.69,0,1,0,0,1,1,51,85
0,34,544.80798,275.69,0,0,0,0,1,0,51,85
1,23,504.11691,275.69,0,0,0,0,1,0,51,85
0,51,544.80798,275.69,0,1,0,0,1,0,51,85
1,40,544.80798,275.69,1,0,0,0,1,1,51,85
1,23,504.11691,275.69,0,1,0,0,1,0,51,85
1,40,544.80798,275.69,1,0,0,0,1,1,51,85
1,29,544.80798,275.69,0,1,1,0,1,0,51,85
1,23,563.1402,241.3,1,0,0,0,1,0,51,86
0,16,563.1402,241.3,1,0,0,0,1,1,51,86
1,35,563.1402,241.3,1,0,0,0,1,0,51,86
0,88,521.0799,241.3,0,1,0,0,1,0,51,86
1,34,563.1402,241.3,1,0,0,0,1,0,51,86
1,28,563.1402,241.3,0,1,0,0,1,0,51,86
0,34,521.0799,241.3,0,0,0,0,1,0,51,86
1,42,521.0799,241.3,0,1,0,0,1,0,51,86
1,27,563.1402,241.3,1,0,0,0,1,1,51,86
1,70,521.0799,241.3,0,1,0,0,1,1,51,86
1,51,563.1402,241.3,0,1,0,0,1,1,51,86
1,44,521.0799,241.3,0,1,0,0,1,1,51,86
0,33,521.0799,241.3,1,0,0,0,1,0,51,86
1,35,563.1402,241.3,0,0,0,0,1,0,51,86
1,34,521.0799,241.3,1,0,0,0,1,1,51,86
0,28,521.0799,241.3,1,0,0,0,1,0,51,86
1,26,563.1402,241.3,0,1,0,0,1,1,51,86
0,65,521.0799,241.3,0,1,0,0,1,1,51,86
0,39,563.1402,241.3,1,0,0,0,1,0,51,86
0,54,521.0799,241.3,0,1,0,0,1,0,51,86
1,70,563.1402,241.3,0,1,0,0,1,1,51,86
0,23,563.1402,241.3,1,0,0,0,1,1,51,86
1,28,1663.8781,1538.41,0,1,0,0,1,0,51,87
0,56,1663.8781,1538.41,0,1,0,0,1,0,51,87
1,39,1663.8781,1538.41,0,1,0,0,1,0,51,87
0,34,1663.8781,1538.41,0,1,0,0,1,0,51,87
0,23,1663.8781,1538.41,0,1,0,0,1,0,51,87
1,54,1663.8781,1538.41,0,1,0,0,1,0,51,87
1,71,677.5191,48.790001,0,1,0,0,1,1,16,88
1,23,677.5191,48.790001,1,0,0,1,1,1,16,88
0,30,677.5191,48.790001,0,1,0,1,0,0,16,88
1,29,677.5191,48.790001,1,0,0,1,1,0,16,88
1,26,677.5191,48.790001,1,0,0,0,1,0,16,88
0,40,677.5191,48.790001,1,0,0,0,1,0,16,88
0,56,677.5191,48.790001,0,1,0,1,1,0,16,88
1,40,677.5191,48.790001,0,0,0,0,1,0,16,88
0,64,677.5191,48.790001,1,0,0,1,0,0,16,88
0,34,575.93219,30.139999,1,0,0,0,1,0,19,89
0,40,575.93219,30.139999,0,1,0,0,1,0,19,89
0,33,575.93219,30.139999,1,0,0,0,1,0,19,89
1,85,575.93219,30.139999,0,1,0,1,1,1,19,89
0,68,575.93219,30.139999,0,1,0,0,1,1,19,89
0,71,575.93219,30.139999,0,1,0,0,1,0,19,89
0,49,575.93219,30.139999,1,0,0,0,1,1,19,89
1,69,575.93219,30.139999,0,1,0,0,1,0,19,89
0,70,575.93219,30.139999,0,1,0,0,1,0,19,89
0,85,575.93219,30.139999,0,1,0,0,1,0,19,89
1,49,575.93219,30.139999,0,1,1,0,1,0,19,89
0,38,575.93219,30.139999,0,1,1,0,1,0,19,89
0,46,575.93219,30.139999,0,1,0,0,1,0,19,89
1,23,575.93219,30.139999,1,0,1,0,1,0,19,89
0,30,575.93219,30.139999,0,0,0,0,1,0,19,89
0,56,1016.564,84.559998,0,1,0,0,1,1,31,90
1,70,1016.564,84.559998,0,1,1,0,1,1,31,90
1,40,1016.564,84.559998,0,1,0,0,1,0,31,90
0,69,1016.564,84.559998,0,1,0,0,1,0,31,90
0,68,1016.564,84.559998,0,1,0,0,1,1,31,90
0,85,1016.564,84.559998,0,1,0,0,1,0,31,90
1,41,1016.564,84.559998,1,0,0,0,1,1,31,90
0,69,1016.564,84.559998,0,1,0,0,1,1,31,90
1,56,1016.564,84.559998,0,1,0,0,1,1,31,90
0,51,1016.564,84.559998,0,1,0,0,1,0,31,90
1,51,1016.564,84.559998,1,0,0,0,1,0,31,90
1,38,1016.564,84.559998,0,1,1,0,1,0,31,90
1,56,1016.564,84.559998,1,0,0,0,1,0,31,90
0,29,1016.564,84.559998,1,0,0,0,1,0,31,90
1,43,1016.564,84.559998,0,1,0,0,1,1,31,90
0,39,1016.564,84.559998,1,0,0,0,1,1,31,90
0,29,1016.564,84.559998,1,0,0,0,1,1,31,90
1,56,1016.564,84.559998,1,0,0,0,1,0,31,90
1,74,1016.564,84.559998,0,1,0,0,1,0,31,90
0,70,1016.564,84.559998,0,1,0,1,1,1,31,90
1,28,1187.156,66.75,0,0,0,1,1,0,22,91
1,50,1187.156,66.75,0,1,0,0,1,0,22,91
1,30,1187.156,66.75,0,1,0,0,1,0,22,91
0,40,1187.156,66.75,1,0,0,0,1,1,22,91
0,53,1187.156,66.75,0,1,0,0,1,0,22,91
0,29,1187.156,66.75,0,1,0,0,1,0,22,91
0,36,1216.882,39.509998,0,0,0,1,0,1,23,92
0,69,1216.882,39.509998,0,1,0,1,0,1,23,92
0,69,1216.882,39.509998,0,1,0,1,1,1,23,92
0,23,1216.882,39.509998,1,0,0,1,0,1,23,92
0,44,1216.882,39.509998,0,0,0,1,1,0,23,92
1,59,1216.882,39.509998,0,1,0,0,1,1,23,92
0,43,1216.882,39.509998,0,1,0,1,1,1,23,92
1,50,652.21161,29.15,0,1,0,1,1,0,23,93
1,51,652.21161,29.15,0,1,1,0,1,0,23,93
1,34,652.21161,29.15,1,0,0,0,1,0,23,93
0,69,652.21161,29.15,1,0,0,0,1,0,23,93
0,69,652.21161,29.15,1,0,0,1,1,0,23,93
1,69,652.21161,29.15,0,1,0,0,1,0,23,93
1,43,652.21161,29.15,1,0,0,0,1,0,23,93
0,54,652.21161,29.15,0,1,0,0,1,0,23,93
1,50,652.21161,29.15,1,0,0,0,1,0,23,93
1,53,652.21161,29.15,1,0,0,0,1,0,23,93
1,42,652.21161,29.15,0,1,0,0,1,0,23,93
1,50,652.21161,29.15,1,0,0,0,1,1,23,93
1,51,1440.374,78.489998,0,1,0,1,1,1,32,94
1,68,1440.374,78.489998,0,1,0,1,0,0,32,94
0,77,1440.374,78.489998,0,1,0,1,1,1,32,94
0,69,1440.374,78.489998,0,1,0,1,1,1,32,94
1,69,1440.374,78.489998,0,1,1,0,1,1,32,94
0,68,1440.374,78.489998,0,1,0,1,1,1,32,94
1,68,1440.374,78.489998,0,1,0,1,1,1,32,94
1,68,1440.374,78.489998,0,1,0,1,1,1,32,94
0,56,1440.374,78.489998,0,1,0,1,1,1,32,94
0,67,1440.374,78.489998,0,1,0,0,1,1,32,94
0,67,1440.374,78.489998,0,1,0,1,1,1,32,94
0,71,1440.374,78.489998,0,1,0,1,0,1,32,94
0,68,1440.374,78.489998,0,1,0,0,1,1,32,94
0,88,1440.374,78.489998,0,1,0,1,1,1,32,94
0,69,1440.374,78.489998,0,1,0,1,0,0,32,94
1,51,641.29132,91.889999,1,0,0,0,1,0,24,95
0,69,641.29132,91.889999,0,1,0,0,1,0,24,95
1,85,641.29132,91.889999,1,0,0,0,1,0,24,95
0,53,641.29132,91.889999,0,1,0,0,1,0,24,95
0,53,641.29132,91.889999,1,0,0,0,1,0,24,95
0,43,641.29132,91.889999,1,0,0,0,1,0,24,95
0,23,745.76459,46.259998,1,0,0,0,1,0,24,96
0,77,745.76459,46.259998,0,1,0,1,0,0,24,96
0,69,745.76459,46.259998,0,1,0,0,1,0,24,96
0,26,745.76459,46.259998,0,0,0,1,0,1,24,96
0,69,745.76459,46.259998,0,1,0,0,1,1,24,96
1,77,745.76459,46.259998,0,1,0,0,1,1,24,96
1,37,745.76459,46.259998,1,0,0,0,1,0,24,96
0,30,745.76459,46.259998,1,0,0,0,1,1,24,96
1,34,745.76459,46.259998,1,0,0,0,1,0,24,96
1,30,745.76459,46.259998,1,0,0,0,1,0,24,96
1,59,745.76459,46.259998,1,0,0,0,1,1,24,96
0,69,745.76459,46.259998,0,1,0,0,1,1,24,96
1,38,745.76459,46.259998,0,1,0,0,1,1,24,96
0,70,745.76459,46.259998,0,1,0,0,1,1,24,96
0,34,745.76459,46.259998,0,1,0,0,1,0,24,96
0,56,745.76459,46.259998,0,1,0,0,1,0,24,96
1,25,229.2402,205.11,0,1,0,0,0,0,25,97
1,25,229.2402,205.11,1,0,0,0,1,0,25,97
1,34,229.2402,205.11,1,0,0,0,1,0,25,97
1,40,229.2402,205.11,1,0,0,0,1,0,25,97
0,29,229.2402,205.11,1,0,0,0,1,0,25,97
1,29,812.5509,41.990002,0,0,0,1,0,0,26,98
1,30,812.5509,41.990002,0,1,0,1,1,0,26,98
0,59,812.5509,41.990002,0,0,0,1,0,0,26,98
0,34,812.5509,41.990002,0,1,0,0,1,0,26,98
0,39,812.5509,41.990002,0,1,0,0,1,0,26,98
1,34,812.5509,41.990002,0,1,0,0,1,1,26,98
0,16,812.5509,41.990002,0,1,0,0,1,0,26,98
1,59,812.5509,41.990002,0,1,0,0,1,0,26,98
1,38,812.5509,41.990002,1,0,0,0,1,0,26,98
1,43,812.5509,41.990002,0,1,1,0,1,0,26,98
1,34,812.5509,41.990002,1,0,0,0,1,0,26,98
1,23,812.5509,41.990002,0,1,0,0,1,0,26,98
1,49,812.5509,41.990002,0,0,0,1,0,0,26,98
0,51,812.5509,41.990002,0,1,0,0,1,1,26,98
1,31,812.5509,41.990002,0,0,1,0,0,0,26,98
0,30,812.5509,41.990002,0,1,0,0,1,0,26,98
1,85,812.5509,41.990002,0,1,0,1,1,1,26,98
1,69,812.5509,41.990002,0,1,0,0,1,0,26,98
1,64,290.37671,112.09,1,0,0,1,0,0,48,99
0,37,290.37671,112.09,1,0,0,0,1,0,48,99
1,23,290.37671,112.09,0,1,0,1,0,0,48,99
0,53,290.37671,112.09,0,1,0,1,0,0,48,99
1,45,290.37671,112.09,0,0,0,1,0,0,48,99
0,40,290.37671,112.09,0,1,0,1,1,0,48,99
1,21,290.37671,112.09,0,0,0,0,0,0,48,99
1,67,290.37671,112.09,0,1,0,1,1,0,48,99
0,38,290.37671,112.09,0,0,0,0,1,0,48,99
0,26,290.37671,112.09,0,0,0,1,0,0,48,99
0,23,572.51257,34.639999,0,0,0,1,0,0,48,100
1,64,572.51257,34.639999,0,1,0,0,1,1,48,100
0,64,572.51257,34.639999,0,1,0,0,1,1,48,100
0,59,572.51257,34.639999,0,1,0,0,1,0,48,100
1,66,572.51257,34.639999,1,0,0,0,1,0,48,100
0,59,572.51257,34.639999,1,0,0,0,1,0,48,100
1,30,572.51257,34.639999,1,0,0,0,1,0,48,100
0,23,572.51257,34.639999,0,1,0,0,1,1,48,100
1,77,572.51257,34.639999,0,1,0,0,1,1,48,100
1,69,572.51257,34.639999,0,1,0,0,1,1,48,100
1,30,572.51257,34.639999,0,1,0,0,1,0,48,100
1,42,572.51257,34.639999,0,1,0,0,1,1,48,100
1,56,572.51257,34.639999,0,1,0,0,1,1,48,100
0,30,572.51257,34.639999,1,0,0,0,1,0,48,100
0,69,572.51257,34.639999,0,1,0,0,1,0,48,100
0,49,572.51257,34.639999,1,0,0,0,1,1,48,100
1,56,572.51257,34.639999,1,0,0,0,1,0,48,100
0,29,572.51257,34.639999,0,1,0,0,1,0,48,100
0,39,572.51257,34.639999,1,0,0,1,1,1,48,100
0,56,572.51257,34.639999,0,1,0,0,1,0,48,100
1,34,417.25259,27.219999,0,0,0,0,1,1,48,101
0,23,417.25259,27.219999,0,0,0,1,1,0,48,101
1,30,417.25259,27.219999,1,0,0,0,1,1,48,101
1,43,417.25259,27.219999,0,1,0,1,1,0,48,101
0,25,417.25259,27.219999,0,1,0,0,1,1,48,101
1,31,417.25259,27.219999,0,0,0,1,1,0,48,101
1,33,417.25259,27.219999,0,1,0,0,1,0,48,101
1,30,417.25259,27.219999,0,1,0,1,0,0,48,101
1,37,417.25259,27.219999,0,1,1,0,1,1,48,101
1,44,417.25259,27.219999,0,1,0,0,1,0,48,101
0,60,417.25259,27.219999,0,1,0,0,1,0,48,101
0,33,417.25259,27.219999,0,1,0,0,1,0,48,101
1,30,417.25259,27.219999,0,1,0,0,1,0,48,101
0,33,417.25259,27.219999,0,1,0,0,1,0,48,101
0,77,507.90579,39.450001,0,1,0,0,1,1,48,102
0,25,507.90579,39.450001,0,1,0,0,1,0,48,102
1,30,533.73151,39.450001,0,0,0,1,0,0,48,102
0,50,507.90579,39.450001,0,1,1,0,1,0,48,102
0,34,507.90579,39.450001,1,0,0,0,1,0,48,102
0,59,507.90579,39.450001,0,1,0,0,1,0,48,102
1,67,507.90579,39.450001,1,0,0,0,1,0,48,102
1,24,507.90579,39.450001,0,1,0,0,1,0,48,102
1,30,507.90579,39.450001,0,1,0,0,1,0,48,102
1,34,507.90579,39.450001,0,1,1,0,1,0,48,102
0,74,507.90579,39.450001,0,1,1,0,1,1,48,102
0,71,507.90579,39.450001,0,1,0,1,0,1,48,102
1,56,507.90579,39.450001,1,0,0,0,1,0,48,102
0,34,507.90579,39.450001,0,1,0,0,1,1,48,102
0,43,507.90579,39.450001,0,1,0,0,1,0,48,102
0,69,507.90579,39.450001,0,1,1,0,1,1,48,102
1,71,507.90579,39.450001,1,0,0,0,1,0,48,102
1,50,507.90579,39.450001,1,0,0,0,1,0,48,102
1,31,1003.414,65.839996,1,0,0,1,0,1,48,103
0,54,1003.414,65.839996,0,1,0,0,1,0,48,103
1,56,1003.414,65.839996,0,1,0,0,1,1,48,103
1,16,1003.414,65.839996,0,0,0,1,0,0,48,103
1,56,1003.414,65.839996,0,1,0,0,1,1,48,103
1,69,1003.414,65.839996,0,1,0,0,1,1,48,103
1,40,1003.414,65.839996,1,0,0,0,1,1,48,103
0,85,1003.414,65.839996,0,1,0,0,1,0,48,103
0,59,1003.414,65.839996,0,1,0,0,1,1,48,103
0,71,1003.414,65.839996,0,1,0,0,1,1,48,103
1,21,1003.414,65.839996,0,1,0,0,1,1,48,103
1,69,1003.414,65.839996,0,1,0,0,1,1,48,103
0,68,1003.414,65.839996,0,1,0,0,1,1,48,103
1,67,1003.414,65.839996,1,0,0,0,1,1,48,103
1,56,1003.414,65.839996,0,1,0,0,1,1,48,103
1,69,1003.414,65.839996,0,1,0,0,1,0,48,103
0,56,1003.414,65.839996,0,1,1,0,1,0,48,103
0,56,1003.414,65.839996,0,1,0,0,1,1,48,103
0,29,1003.414,65.839996,1,0,0,0,1,0,48,103
0,34,1003.414,65.839996,0,0,0,1,1,0,48,103
0,33,1003.414,65.839996,1,0,0,0,1,0,48,103
0,56,1003.414,65.839996,0,1,0,0,1,1,48,103
0,31,1003.414,65.839996,1,0,0,0,1,0,48,103
0,34,232.48711,67.879997,1,0,0,0,1,0,49,104
1,34,1518.995,86.730003,0,1,0,0,1,0,49,105
1,29,1518.995,86.730003,0,0,0,0,1,0,49,105
0,64,1518.995,86.730003,1,0,0,0,1,0,49,105
0,29,1518.995,86.730003,0,1,0,0,1,0,49,105
1,69,1518.995,86.730003,0,1,0,0,1,1,49,105
0,30,1518.995,86.730003,0,1,0,0,1,0,49,105
0,35,1072.421,196.53,0,1,0,0,1,0,50,106
0,50,946.34113,196.53,0,1,0,0,1,1,50,106
1,88,1072.421,196.53,0,1,0,0,1,1,50,106
0,56,1072.421,196.53,0,1,0,0,1,0,50,106
0,39,1072.421,196.53,0,1,0,0,1,1,50,106
1,67,1072.421,196.53,0,1,0,0,1,0,50,106
0,69,1072.421,196.53,0,1,0,0,1,1,50,106
1,74,1072.421,196.53,1,0,0,0,1,1,50,106
0,59,1072.421,196.53,0,1,0,0,1,0,50,106
0,66,946.34113,196.53,0,1,0,0,1,1,50,106
0,66,1072.421,196.53,0,1,1,0,0,0,50,106
1,85,1072.421,196.53,0,1,0,0,1,0,50,106
1,44,946.34113,196.53,1,0,0,0,1,1,50,106
1,85,946.34113,196.53,0,1,0,0,1,1,50,106
0,69,1072.421,196.53,0,1,0,0,1,1,50,106
0,58,1072.421,196.53,1,0,0,0,1,0,50,106
0,51,946.34113,196.53,0,1,0,0,1,0,50,106
1,53,946.34113,196.53,0,1,0,0,1,0,50,106
1,88,946.34113,196.53,0,1,0,0,1,1,50,106
1,56,1072.421,196.53,0,1,0,0,1,1,50,106
1,51,1072.421,196.53,0,1,0,0,1,0,50,106
1,88,1072.421,196.53,0,1,0,0,1,1,50,106
1,67,1072.421,196.53,0,1,0,0,1,1,50,106
1,56,1072.421,196.53,0,1,1,0,1,1,50,106
0,32,1072.421,196.53,1,0,0,0,1,1,50,106
0,53,342.96191,127.99,0,1,0,0,1,1,50,107
1,66,342.96191,127.99,0,1,0,0,1,1,50,107
0,54,342.96191,127.99,0,1,0,1,0,0,50,107
1,65,342.96191,127.99,0,1,0,0,1,1,50,107
0,70,342.96191,127.99,0,1,0,0,1,1,50,107
1,40,342.96191,127.99,1,0,0,0,1,1,50,107
0,51,342.96191,127.99,0,1,0,0,1,1,50,107
0,71,342.96191,127.99,0,1,0,1,1,1,50,107
1,71,342.96191,127.99,0,1,0,0,1,0,50,107
1,46,342.96191,127.99,0,1,0,1,1,0,50,107
1,30,342.96191,127.99,1,0,0,0,1,1,50,107
0,67,342.96191,127.99,0,1,0,1,0,1,50,107
1,41,342.96191,127.99,0,1,0,0,1,1,50,107
1,34,342.96191,127.99,1,0,0,0,1,1,50,107
1,23,342.96191,127.99,1,0,0,0,1,1,50,107
1,77,342.96191,127.99,0,1,0,0,1,1,50,107
1,67,342.96191,127.99,0,1,0,0,1,1,50,107
0,43,342.96191,127.99,1,0,0,0,1,0,50,107
1,66,342.96191,127.99,1,0,0,0,1,0,50,107
0,58,509.3501,40.790001,0,1,0,0,1,0,50,108
1,70,509.3501,40.790001,0,1,0,0,1,1,50,108
0,77,509.3501,40.790001,0,1,0,0,1,0,50,108
1,54,509.3501,40.790001,0,1,0,0,1,1,50,108
1,54,509.3501,40.790001,0,1,0,0,1,1,50,108
1,54,509.3501,40.790001,0,1,0,0,1,1,50,108
0,68,509.3501,40.790001,0,1,0,1,0,1,50,108
0,29,509.3501,40.790001,1,0,0,0,1,0,50,108
0,34,509.3501,40.790001,1,0,0,0,1,0,50,108
1,25,509.3501,40.790001,0,0,0,0,1,0,50,108
1,56,509.3501,40.790001,1,0,0,0,1,0,50,108
0,85,509.3501,40.790001,0,1,1,0,1,0,50,108
1,56,1815.993,76.370003,0,1,0,0,1,0,50,109
1,40,1815.993,76.370003,0,1,0,0,1,1,50,109
0,51,1815.993,76.370003,0,1,0,0,1,0,50,109
1,46,1815.993,76.370003,1,0,0,0,1,1,50,109
0,59,1815.993,76.370003,0,1,0,0,1,1,50,109
1,40,1815.993,76.370003,0,1,0,0,1,0,50,109
0,69,1815.993,76.370003,0,1,0,0,1,1,50,109
0,40,1815.993,76.370003,0,1,0,0,1,1,50,109
0,69,1815.993,76.370003,1,0,0,0,1,0,50,109
0,65,1815.993,76.370003,0,1,0,0,1,1,50,109
1,56,1815.993,76.370003,0,1,0,0,1,1,50,109
1,29,1815.993,76.370003,0,1,0,0,1,1,50,109
0,69,1815.993,76.370003,0,1,0,0,1,0,50,109
1,56,1815.993,76.370003,0,1,0,0,1,0,50,109
0,67,435.38889,46.849998,0,1,0,0,1,1,49,110
1,71,435.38889,46.849998,0,1,0,0,1,0,49,110
1,43,435.38889,46.849998,1,0,0,0,1,1,49,110
0,68,435.38889,46.849998,0,1,0,0,1,0,49,110
0,34,402.87021,46.849998,0,1,0,0,1,0,49,110
0,33,435.38889,46.849998,0,1,0,0,1,0,49,110
0,69,435.38889,46.849998,0,1,1,0,1,1,49,110
0,59,402.87021,46.849998,0,1,0,0,1,0,49,110
1,30,435.38889,46.849998,0,1,0,0,1,0,49,110
0,28,435.38889,46.849998,1,0,0,0,1,1,49,110
0,51,435.38889,46.849998,0,1,0,0,1,1,49,110
1,35,435.38889,46.849998,1,0,0,0,1,0,49,110
1,61,435.38889,46.849998,0,1,0,0,1,1,49,110
1,30,643.62109,40.25,1,0,0,0,1,0,49,111
0,39,643.62109,40.25,0,1,0,0,1,1,49,111
1,71,643.62109,40.25,0,1,0,0,1,1,49,111
1,40,695.57257,40.25,1,0,0,0,1,1,49,111
0,34,695.57257,40.25,0,1,0,1,0,0,49,111
0,53,695.57257,40.25,0,1,0,0,1,1,49,111
0,57,695.57257,40.25,0,1,0,0,1,0,49,111
0,59,695.57257,40.25,1,0,0,0,1,1,49,111
0,71,695.57257,40.25,0,1,0,0,1,0,49,111
1,69,695.57257,40.25,0,1,0,0,1,1,49,111
1,69,695.57257,40.25,0,1,0,0,1,1,49,111
1,43,695.57257,40.25,0,1,0,0,1,1,49,111
0,29,695.57257,40.25,0,0,0,0,1,1,49,111
1,71,695.57257,40.25,0,1,0,0,1,1,49,111
0,67,695.57257,40.25,0,1,0,0,1,1,49,111
0,53,695.57257,40.25,1,0,0,0,1,1,49,111
0,71,643.62109,40.25,1,0,0,0,1,1,49,111
1,33,695.57257,40.25,1,0,0,0,1,1,49,111
1,58,643.62109,40.25,0,1,0,0,1,0,49,111
1,39,643.62109,40.25,1,0,0,0,1,0,49,111
0,41,643.62109,40.25,0,1,0,0,1,0,49,111
1,54,669.9942,27.75,0,1,0,0,1,0,49,112
0,69,724.07452,27.75,0,1,0,0,1,1,49,112
0,54,724.07452,27.75,0,1,0,0,1,1,49,112
0,64,669.9942,27.75,0,1,0,0,1,0,49,112
1,66,724.07452,27.75,0,1,0,0,1,1,49,112
0,69,724.07452,27.75,0,1,0,0,1,0,49,112
1,39,669.9942,27.75,0,1,0,0,1,0,49,112
1,54,724.07452,27.75,0,1,0,0,1,1,49,112
1,30,724.07452,27.75,1,0,0,0,1,0,49,112
1,67,669.9942,27.75,0,1,0,1,0,0,49,112
0,88,724.07452,27.75,0,1,0,0,1,0,49,112
0,29,724.07452,27.75,1,0,0,0,1,0,49,112
1,37,669.9942,27.75,1,0,0,0,1,1,49,112
1,88,669.9942,27.75,0,1,0,0,1,1,49,112
1,69,669.9942,27.75,0,1,0,0,1,1,49,112
1,46,767.54639,50.689999,0,1,0,0,1,0,49,113
0,34,767.54639,50.689999,1,0,0,0,1,0,49,113
1,43,767.54639,50.689999,0,1,0,0,1,1,49,113
1,50,767.54639,50.689999,1,0,0,0,1,0,49,113
1,69,767.54639,50.689999,0,1,0,0,1,1,49,113
1,68,767.54639,50.689999,0,1,1,0,1,0,49,113
0,51,767.54639,50.689999,0,1,0,0,1,1,49,113
1,16,767.54639,50.689999,1,0,0,0,1,0,49,113
0,51,767.54639,50.689999,1,0,0,0,1,0,49,113
0,71,767.54639,50.689999,0,1,0,0,1,0,49,113
1,51,767.54639,50.689999,0,1,0,0,1,1,49,113
1,33,767.54639,50.689999,1,0,0,0,1,0,49,113
1,55,767.54639,50.689999,0,1,0,0,1,1,49,113
1,29,767.54639,50.689999,1,0,0,0,1,1,49,113
1,56,767.54639,50.689999,0,1,0,0,1,1,49,113
1,31,767.54639,50.689999,0,0,1,0,0,0,49,113
0,50,767.54639,50.689999,0,1,0,0,1,0,49,113
0,69,767.54639,50.689999,0,1,0,0,1,1,49,113
1,29,767.54639,50.689999,1,0,0,0,1,0,49,113
0,21,2464.24,1905.9,0,0,0,1,0,0,50,114
0,30,2464.24,1905.9,0,0,0,1,0,0,50,114
1,56,732.32599,62.610001,0,1,0,0,1,1,50,115
0,67,732.32599,62.610001,0,1,0,1,0,0,50,115
0,35,677.62939,62.610001,0,1,0,0,1,1,50,115
0,85,732.32599,62.610001,0,1,0,0,1,1,50,115
0,51,732.32599,62.610001,0,1,0,0,1,0,50,115
0,16,732.32599,62.610001,0,0,0,1,0,1,50,115
1,56,732.32599,62.610001,1,0,0,0,1,1,50,115
1,69,732.32599,62.610001,1,0,0,0,1,1,50,115
1,51,677.62939,62.610001,0,1,0,0,1,0,50,115
0,68,677.62939,62.610001,0,1,1,0,0,1,50,115
0,34,677.62939,62.610001,0,0,0,1,0,1,50,115
1,85,732.32599,62.610001,0,1,0,0,1,0,50,115
1,50,677.62939,62.610001,1,0,0,1,0,0,50,115
1,54,677.62939,62.610001,0,1,0,1,0,0,50,115
0,44,732.32599,62.610001,0,0,0,1,0,0,50,115
0,35,677.62939,62.610001,1,0,0,0,1,0,50,115
1,59,732.32599,62.610001,0,1,0,1,1,1,50,115
1,40,732.32599,62.610001,1,0,0,0,1,1,50,115
1,34,660.39941,59.830002,0,1,0,0,1,0,50,116
0,54,660.39941,59.830002,0,1,0,0,1,0,50,116
1,34,611.07489,59.830002,0,1,0,1,1,0,50,116
0,34,611.07489,59.830002,0,0,1,0,1,0,50,116
1,21,611.07489,59.830002,0,1,0,0,1,0,50,116
0,30,611.07489,59.830002,0,1,0,0,1,0,50,116
1,34,611.07489,59.830002,1,0,1,0,0,0,50,116
0,53,660.39941,59.830002,0,1,1,0,1,0,50,116
1,25,660.39941,59.830002,1,0,0,0,1,0,50,116
0,30,611.07489,59.830002,0,0,0,0,1,0,50,116
1,34,660.39941,59.830002,1,0,0,0,1,0,50,116
1,31,660.39941,59.830002,0,0,1,0,1,0,50,116
1,30,660.39941,59.830002,0,0,1,0,1,0,50,116
1,34,611.07489,59.830002,0,0,0,0,1,0,50,116
1,33,611.07489,59.830002,0,1,0,0,1,0,50,116
1,30,611.07489,59.830002,0,1,1,0,0,1,50,116
1,56,745.01257,57.5,0,1,0,0,1,0,50,117
0,34,745.01257,57.5,0,0,1,0,0,0,50,117
0,31,745.01257,57.5,0,0,1,0,0,0,50,117
1,67,745.01257,57.5,0,1,1,0,1,0,50,117
0,34,745.01257,57.5,0,0,0,0,1,0,50,117
1,43,745.01257,57.5,0,1,0,0,0,0,50,117
1,44,745.01257,57.5,0,0,1,0,1,0,50,117
0,23,745.01257,57.5,1,0,0,1,0,1,50,117
1,29,745.01257,57.5,0,0,0,1,0,0,50,117
0,56,544.79138,38.34,1,0,1,0,1,1,50,118
1,59,544.79138,38.34,1,0,1,0,1,0,50,118
1,38,588.76569,38.34,0,1,1,0,1,0,50,118
0,69,588.76569,38.34,0,0,0,0,1,0,50,118
1,28,588.76569,38.34,0,1,0,0,1,1,50,118
1,40,588.76569,38.34,1,0,0,1,0,0,50,118
0,23,588.76569,38.34,0,0,0,1,1,0,50,118
1,30,588.76569,38.34,1,0,1,0,1,1,50,118
0,29,588.76569,38.34,0,0,0,1,0,0,50,118
0,30,544.79138,38.34,1,0,0,1,0,0,50,118
1,37,588.76569,38.34,1,0,1,0,1,0,50,118
0,58,544.79138,38.34,1,0,0,0,1,0,50,118
1,41,544.79138,38.34,1,0,0,0,1,0,50,118
1,34,413.46069,35.459999,1,0,0,1,0,0,50,119
0,77,413.46069,35.459999,0,1,1,0,1,0,50,119
1,34,413.46069,35.459999,0,0,0,0,1,0,50,119
1,54,413.46069,35.459999,0,0,0,1,0,0,50,119
1,29,413.46069,35.459999,0,0,1,0,0,0,50,119
1,66,413.46069,35.459999,0,1,0,0,1,0,50,119
0,34,413.46069,35.459999,0,0,1,0,1,0,50,119
1,21,413.46069,35.459999,0,0,0,1,0,0,50,119
1,33,413.46069,35.459999,0,1,0,0,1,0,50,119
1,23,382.5798,35.459999,1,0,0,1,0,0,50,119
0,50,413.46069,35.459999,1,0,0,1,0,0,50,119
0,55,413.46069,35.459999,0,1,0,0,1,1,50,119
1,24,413.46069,35.459999,0,0,0,0,1,1,50,119
0,56,413.46069,35.459999,0,1,0,0,0,0,50,119
1,30,382.5798,35.459999,0,1,0,0,1,0,50,119
0,56,413.46069,35.459999,0,1,0,0,1,1,50,119
0,35,486.81711,34.669998,0,1,1,0,0,0,50,120
0,45,486.81711,34.669998,0,1,0,0,1,0,50,120
0,29,486.81711,34.669998,0,0,0,1,0,0,50,120
0,24,486.81711,34.669998,1,0,0,1,0,0,50,120
0,24,486.81711,34.669998,0,0,0,1,0,0,50,120
0,43,486.81711,34.669998,0,1,0,0,1,0,50,120
1,42,1058.276,32.610001,1,0,0,0,1,0,50,121
0,45,979.23492,32.610001,0,1,0,0,1,0,50,121
1,50,1058.276,32.610001,1,0,0,0,1,0,50,121
1,59,1058.276,32.610001,0,1,0,0,1,1,50,121
1,69,979.23492,32.610001,0,1,0,0,0,0,50,121
1,51,1058.276,32.610001,0,1,1,0,1,1,50,121
1,30,979.23492,32.610001,1,0,0,0,1,0,50,121
0,29,979.23492,32.610001,0,0,0,1,0,0,50,121
0,59,979.23492,32.610001,0,1,0,0,1,0,50,121
1,27,979.23492,32.610001,0,0,0,1,1,0,50,121
1,29,979.23492,32.610001,0,0,0,1,0,0,50,121
0,59,1058.276,32.610001,1,0,0,0,1,0,50,121
0,43,1058.276,32.610001,0,1,0,0,1,0,50,121
1,30,979.23492,32.610001,0,0,0,1,0,1,50,121
1,69,1051.3459,31.25,1,0,0,0,1,1,50,122
1,69,1051.3459,31.25,0,1,0,0,1,0,50,122
1,32,1051.3459,31.25,0,0,0,1,0,0,50,122
1,30,1136.208,31.25,0,1,0,0,1,0,50,122
0,69,1051.3459,31.25,0,1,0,0,1,0,50,122
0,23,1051.3459,31.25,0,0,0,1,0,0,50,122
1,45,1136.208,31.25,1,0,0,0,1,0,50,122
0,33,1136.208,31.25,1,0,0,0,1,0,50,122
0,51,209.242,98.279999,0,1,0,0,1,0,4,123
0,56,209.242,98.279999,0,1,0,0,1,0,4,123
0,43,209.242,98.279999,0,1,0,0,1,0,4,123
0,59,209.242,98.279999,0,1,0,0,1,0,4,123
0,67,209.242,98.279999,0,1,0,0,1,0,4,123
1,30,209.242,98.279999,0,1,0,1,0,0,4,123
0,59,209.242,98.279999,0,1,0,0,1,0,4,123
0,40,209.242,98.279999,1,0,0,1,1,0,4,123
0,40,209.242,98.279999,0,1,0,1,1,1,4,123
1,49,209.242,98.279999,0,1,1,0,1,0,4,123
1,50,209.242,98.279999,0,1,0,0,1,0,4,123
0,77,209.242,98.279999,0,1,0,0,1,0,4,123
1,30,209.242,98.279999,1,0,0,1,1,1,4,123
0,19,851.75403,31.16,0,1,0,0,1,1,6,124
0,34,851.75403,31.16,1,0,0,0,1,1,6,124
0,40,851.75403,31.16,0,1,1,0,1,1,6,124
0,59,851.75403,31.16,1,0,0,0,1,0,6,124
0,54,851.75403,31.16,0,1,0,0,1,1,6,124
1,34,851.75403,31.16,0,1,0,0,1,0,6,124
1,85,851.75403,31.16,0,1,0,0,1,1,6,124
1,59,851.75403,31.16,1,0,0,0,1,0,6,124
0,49,738.55859,31.16,0,0,0,0,1,0,6,124
0,44,851.75403,31.16,0,1,1,0,1,1,6,124
1,34,851.75403,31.16,1,0,0,1,1,1,6,124
0,49,1069.089,17.940001,1,0,0,1,0,0,8,125
1,38,1069.089,17.940001,0,1,0,1,1,1,8,125
0,59,927.01038,17.940001,0,0,1,0,1,0,8,125
0,51,1069.089,17.940001,0,1,0,0,1,0,8,125
0,43,1069.089,17.940001,0,0,0,1,0,0,8,125
0,69,1486.144,110.48,0,1,0,0,1,0,28,126
1,43,1486.144,110.48,0,1,0,0,1,1,28,126
0,34,1486.144,110.48,0,1,0,0,1,1,28,126
1,71,1486.144,110.48,0,1,0,0,1,1,28,126
1,35,1486.144,110.48,1,0,1,0,1,1,28,126
1,40,1486.144,110.48,1,0,0,0,1,0,28,126
0,43,1671.912,110.48,0,1,0,0,1,0,28,126
1,54,1486.144,110.48,0,1,0,0,1,1,28,126
0,59,1671.912,110.48,0,1,0,0,1,1,28,126
1,37,1486.144,110.48,1,0,0,0,1,0,28,126
0,59,1486.144,110.48,1,0,0,0,1,0,28,126
0,30,1486.144,110.48,1,0,0,0,1,1,28,126
1,51,1671.912,110.48,1,0,0,0,1,1,28,126
1,56,1671.912,110.48,0,1,0,0,1,1,28,126
0,34,321.09052,90.949997,0,1,0,1,0,0,34,127
1,69,278.41849,90.949997,0,0,0,1,0,0,34,127
1,30,321.09052,90.949997,0,1,0,1,0,0,34,127
1,16,321.09052,90.949997,1,0,0,0,1,0,34,127
0,34,321.09052,90.949997,1,0,0,0,1,0,34,127
1,30,321.09052,90.949997,0,1,0,0,1,0,34,127
0,34,321.09052,90.949997,1,0,0,0,1,0,34,127
0,66,321.09052,90.949997,1,0,0,0,1,0,34,127
0,53,321.09052,90.949997,1,0,0,0,1,0,34,127
1,68,321.09052,90.949997,0,1,0,1,1,0,34,127
0,23,321.09052,90.949997,1,0,0,0,0,0,34,127
1,32,278.41849,90.949997,1,0,0,1,1,0,34,127
1,30,647.53888,77.540001,1,0,0,0,1,0,34,128
0,53,561.48297,77.540001,1,0,0,0,1,0,34,128
0,34,647.53888,77.540001,0,1,0,1,0,0,34,128
1,30,647.53888,77.540001,0,1,0,0,1,0,34,128
0,43,647.53888,77.540001,0,1,0,1,0,0,34,128
0,27,647.53888,77.540001,0,1,0,0,0,0,34,128
1,49,590.41901,44.389999,0,1,0,1,0,0,34,129
0,67,590.41901,44.389999,0,1,0,0,1,1,34,129
1,53,590.41901,44.389999,1,0,0,0,1,1,34,129
0,70,590.41901,44.389999,0,1,0,0,1,1,34,129
1,71,590.41901,44.389999,0,1,0,0,1,1,34,129
1,77,590.41901,44.389999,0,1,0,0,1,0,34,129
0,40,590.41901,44.389999,1,0,0,0,1,1,34,129
1,30,590.41901,44.389999,1,0,0,0,1,1,34,129
0,34,590.41901,44.389999,1,0,0,0,1,1,34,129
1,40,590.41901,44.389999,0,1,0,0,1,1,34,129
1,21,590.41901,44.389999,1,0,0,0,1,0,34,129
1,37,590.41901,44.389999,1,0,1,0,1,0,34,129
1,70,590.41901,44.389999,0,1,0,0,1,1,34,129
0,30,590.41901,44.389999,1,0,0,0,1,1,34,129
0,27,590.41901,44.389999,1,0,0,0,1,0,34,129
0,34,590.41901,44.389999,1,0,0,0,1,0,34,129
1,27,590.41901,44.389999,1,0,0,1,1,1,34,129
0,69,1003.356,324.76001,0,1,0,0,1,1,34,130
1,59,1128.776,324.76001,0,1,0,0,1,1,34,130
1,54,1003.356,324.76001,1,0,0,0,1,1,34,130
1,51,1128.776,324.76001,1,0,0,0,1,0,34,130
1,69,1003.356,324.76001,0,1,0,0,1,1,34,130
0,85,1003.356,324.76001,0,1,0,0,1,1,34,130
1,64,1003.356,324.76001,1,0,1,0,1,1,34,130
0,88,1128.776,324.76001,0,1,0,0,1,1,34,130
1,59,1003.356,324.76001,0,1,0,0,1,0,34,130
0,50,1128.776,324.76001,0,1,0,0,1,1,34,130
0,69,1003.356,324.76001,0,1,0,0,1,1,34,130
0,69,1003.356,324.76001,0,1,0,0,1,0,34,130
1,34,1003.356,324.76001,0,1,0,0,1,1,34,130
0,44,1128.776,324.76001,0,1,0,0,1,0,34,130
0,59,1128.776,324.76001,0,1,0,0,1,0,34,130
0,70,1128.776,324.76001,0,1,0,0,1,1,34,130
0,43,1128.776,324.76001,0,1,0,0,1,1,34,130
1,69,1003.356,324.76001,0,1,0,0,1,1,34,130
0,88,1003.356,324.76001,0,1,0,0,1,1,34,130
0,43,1003.356,324.76001,0,1,0,0,1,1,34,130
0,61,1003.356,324.76001,0,1,0,0,1,0,34,130
0,70,1128.776,324.76001,0,1,0,0,1,1,34,130
0,54,1128.776,324.76001,0,1,1,0,1,0,34,130
0,67,1003.356,324.76001,1,0,0,0,1,0,34,130
0,37,809.39191,480.14999,1,0,0,0,1,1,40,131
0,37,809.39191,480.14999,0,1,0,0,1,0,40,131
1,30,809.39191,480.14999,1,0,0,0,1,0,40,131
1,59,809.39191,480.14999,0,1,0,0,1,1,40,131
0,69,944.29053,480.14999,0,1,0,0,1,1,40,131
1,41,809.39191,480.14999,0,1,0,0,1,1,40,131
0,43,809.39191,480.14999,0,1,0,0,1,1,40,131
0,29,809.39191,480.14999,1,0,0,0,1,0,40,131
1,59,809.39191,480.14999,0,1,0,0,1,1,40,131
1,37,809.39191,480.14999,1,0,0,0,1,1,40,131
0,29,809.39191,480.14999,0,1,0,0,1,0,40,131
0,59,944.29053,480.14999,0,1,0,0,1,1,40,131
0,69,809.39191,480.14999,0,1,0,0,1,0,40,131
1,69,809.39191,480.14999,0,1,0,0,1,1,40,131
0,32,850.10889,151.52,1,0,1,0,1,1,38,132
1,24,850.10889,151.52,1,0,0,0,1,0,38,132
0,29,997.6026,151.52,0,0,0,0,1,0,38,132
0,34,997.6026,151.52,0,0,0,0,1,0,38,132
1,34,997.6026,151.52,1,0,0,0,1,0,38,132
1,34,850.10889,151.52,1,0,0,0,1,0,38,132
1,21,850.10889,151.52,1,0,0,0,1,0,38,132
0,29,850.10889,151.52,0,1,0,0,1,0,38,132
0,19,997.6026,151.52,1,0,0,0,1,0,38,132
1,59,850.10889,151.52,0,1,0,0,1,0,38,132
0,34,850.10889,151.52,0,0,0,0,1,0,38,132
0,69,997.6026,151.52,0,1,0,1,0,0,38,132
0,71,997.6026,151.52,0,1,0,0,1,0,38,132
1,29,997.6026,151.52,1,0,0,0,1,0,38,132
0,69,850.10889,151.52,1,0,0,0,1,1,38,132
1,71,1119.385,1049.42,0,1,0,0,1,1,39,133
0,49,1119.385,1049.42,0,1,0,0,1,1,39,133
0,29,1119.385,1049.42,0,1,0,0,1,1,39,133
1,38,1119.385,1049.42,1,0,0,0,1,0,39,133
1,30,1268.519,1049.42,1,0,0,0,1,0,39,133
1,19,1268.519,1049.42,0,0,0,0,1,0,39,133
1,77,1268.519,1049.42,0,1,0,0,1,1,39,133
0,69,1425.567,52.580002,0,1,0,0,1,1,30,134
1,34,1747.469,52.580002,0,1,0,1,1,0,30,134
0,88,1425.567,52.580002,0,1,0,1,1,1,30,134
0,87,1425.567,52.580002,0,1,0,0,1,0,30,134
0,74,1425.567,52.580002,0,1,0,0,1,1,30,134
1,56,1931.4139,52.580002,0,1,1,0,1,1,30,134
1,70,1425.567,52.580002,0,1,0,0,1,1,30,134
1,74,1747.469,52.580002,0,1,0,1,0,1,30,134
1,44,1425.567,52.580002,0,1,1,0,1,1,30,134
1,68,1747.469,52.580002,0,1,0,0,1,0,30,134
1,69,1425.567,52.580002,0,1,0,0,1,1,30,134
1,69,1425.567,52.580002,0,1,0,0,1,1,30,134
1,88,1425.567,52.580002,0,1,0,0,1,1,30,134
0,42,1425.567,52.580002,0,1,0,0,1,1,30,134
0,69,1425.567,52.580002,0,1,0,0,1,0,30,134
1,87,1747.469,52.580002,0,1,0,0,1,1,30,134
1,70,1425.567,52.580002,0,1,0,0,1,1,30,134
0,53,1425.567,52.580002,0,1,0,0,1,1,30,134
0,88,1747.469,52.580002,0,1,0,0,1,1,30,134
1,49,1425.567,52.580002,0,0,1,0,1,0,30,134
0,34,876.03241,876.03003,1,0,0,0,1,0,51,135
0,34,876.03241,876.03003,0,0,0,0,1,0,51,135
1,34,876.03241,876.03003,0,1,0,0,1,0,51,135
1,30,876.03241,876.03003,0,0,0,0,1,0,51,135
0,26,876.03241,876.03003,0,1,0,0,1,0,51,135
1,29,809.13843,202.17999,1,0,0,0,1,0,52,136
1,30,809.13843,202.17999,0,0,0,1,0,0,52,136
1,29,809.13843,202.17999,0,1,0,0,1,1,52,136
1,30,809.13843,202.17999,1,0,0,1,0,0,52,136
0,69,809.13843,202.17999,0,1,0,0,1,0,52,136
0,29,809.13843,202.17999,0,1,0,0,1,1,52,136
1,35,809.13843,202.17999,1,0,0,0,1,1,52,136
1,32,809.13843,202.17999,0,1,0,0,1,0,52,136
1,29,809.13843,202.17999,0,1,0,0,1,1,52,136
0,51,809.13843,202.17999,0,1,0,0,1,1,52,136
0,51,809.13843,202.17999,0,1,0,0,1,1,52,136
1,70,809.13843,202.17999,0,1,0,0,1,1,52,136
0,69,809.13843,202.17999,0,1,0,0,1,1,52,136
1,30,809.13843,202.17999,0,1,0,0,1,1,52,136
0,50,741.9292,32.740002,0,0,0,1,0,0,18,137
1,45,741.9292,32.740002,0,0,0,1,0,0,18,137
0,77,741.9292,32.740002,0,1,0,1,1,1,18,137
1,23,741.9292,32.740002,0,0,0,1,0,0,18,137
1,34,741.9292,32.740002,1,0,0,1,1,0,18,137
0,43,741.9292,32.740002,0,0,0,1,0,0,18,137
0,34,779.65448,32.740002,0,0,0,1,0,0,18,137
0,38,741.9292,32.740002,0,1,1,0,1,0,18,137
0,51,741.9292,32.740002,1,0,0,0,1,0,18,137
1,25,741.9292,32.740002,0,0,0,1,1,0,18,137
1,50,741.9292,32.740002,0,0,0,1,0,0,18,137
0,30,741.9292,32.740002,0,1,0,1,0,0,18,137
1,30,741.9292,32.740002,0,0,0,1,0,1,18,137
0,30,741.9292,32.740002,0,0,0,1,0,0,18,137
0,85,741.9292,32.740002,0,1,0,0,1,1,18,137
0,32,596.87451,34.849998,0,0,0,0,1,0,25,138
1,67,596.87451,34.849998,0,1,0,0,1,0,25,138
1,69,596.87451,34.849998,0,1,0,0,1,0,25,138
0,85,596.87451,34.849998,0,1,0,0,1,1,25,138
1,43,596.87451,34.849998,0,0,0,1,0,1,25,138
1,59,596.87451,34.849998,0,1,0,0,1,0,25,138
1,56,596.87451,34.849998,0,1,0,0,1,0,25,138
0,53,596.87451,34.849998,0,1,0,0,1,1,25,138
0,58,596.87451,34.849998,0,1,0,0,1,0,25,138
1,51,596.87451,34.849998,0,0,0,0,1,0,25,138
1,74,596.87451,34.849998,0,1,0,0,1,1,25,138
1,69,596.87451,34.849998,0,1,0,1,1,1,25,138
1,43,596.87451,34.849998,0,0,0,0,1,0,25,138
1,34,303.2753,31.870001,0,0,0,1,0,0,26,139
0,34,303.2753,31.870001,0,0,0,1,1,0,26,139
1,39,303.2753,31.870001,1,0,0,0,1,0,26,139
0,29,303.2753,31.870001,0,1,0,1,0,0,26,139
1,59,303.2753,31.870001,1,0,0,0,1,0,26,139
0,69,303.2753,31.870001,0,1,0,0,1,0,26,139
1,28,303.2753,31.870001,0,0,0,0,0,0,26,139
1,29,303.2753,31.870001,1,0,0,0,1,0,26,139
0,30,303.2753,31.870001,0,0,0,1,0,0,26,139
0,35,303.2753,31.870001,1,0,0,0,1,0,26,139
1,27,303.2753,31.870001,0,1,0,1,0,0,26,139
0,23,303.2753,31.870001,1,0,0,0,1,0,26,139
0,33,303.2753,31.870001,1,0,0,0,1,0,26,139
1,33,303.2753,31.870001,0,1,0,0,1,0,26,139
1,40,303.2753,31.870001,1,0,0,0,1,0,26,139
1,34,303.2753,31.870001,0,0,0,1,1,0,26,139
1,29,272.9964,27.139999,0,0,0,1,0,0,27,140
1,51,272.9964,27.139999,1,0,0,0,1,0,27,140
0,59,272.9964,27.139999,1,0,0,0,1,0,27,140
0,77,272.9964,27.139999,0,1,0,0,1,0,27,140
1,34,272.9964,27.139999,1,0,0,0,1,1,27,140
0,38,272.9964,27.139999,1,0,1,0,1,1,27,140
1,40,272.9964,27.139999,0,0,0,1,0,0,27,140
1,42,272.9964,27.139999,1,0,0,0,1,0,27,140
1,71,272.9964,27.139999,0,1,0,0,1,1,27,140
0,34,272.9964,27.139999,0,1,0,0,1,0,27,140
1,51,272.9964,27.139999,0,1,0,0,1,0,27,140
1,23,272.9964,27.139999,0,1,1,0,1,0,27,140
0,51,1194.6479,91.900002,0,1,0,0,1,0,32,141
0,37,1194.6479,91.900002,1,0,0,0,1,0,32,141
0,56,1194.6479,91.900002,1,0,0,0,1,1,32,141
1,34,1194.6479,91.900002,1,0,0,0,1,1,32,141
1,59,1194.6479,91.900002,0,1,0,0,1,0,32,141
0,25,1194.6479,91.900002,0,0,0,1,1,1,32,141
0,21,1194.6479,91.900002,0,1,0,0,1,1,32,141
0,42,1194.6479,91.900002,1,0,0,0,1,1,32,141
0,21,1194.6479,91.900002,0,0,0,0,1,0,32,141
0,29,1194.6479,91.900002,0,0,0,0,1,0,32,141
1,59,1194.6479,91.900002,1,0,0,0,1,0,32,141
0,29,1194.6479,91.900002,1,0,0,0,1,0,32,141
0,56,1194.6479,91.900002,0,1,0,0,1,0,32,141
1,41,1194.6479,91.900002,0,1,0,0,1,1,32,141
1,43,663.24017,49.84,0,1,0,0,1,0,50,142
1,34,663.24017,49.84,0,0,0,1,1,0,50,142
0,69,663.24017,49.84,0,1,1,0,1,0,50,142
1,23,663.24017,49.84,0,0,0,1,0,1,50,142
1,54,663.24017,49.84,0,1,0,0,1,1,50,142
1,30,663.24017,49.84,1,0,0,0,0,0,50,142
0,21,663.24017,49.84,0,0,0,1,0,0,50,142
0,50,663.24017,49.84,0,1,0,0,1,0,50,142
0,29,663.24017,49.84,1,0,0,0,1,0,50,142
0,34,611.26111,38.209999,0,1,0,1,0,0,6,143
1,23,704.94623,38.209999,1,0,0,1,1,0,6,143
1,30,611.26111,38.209999,0,1,0,0,1,0,6,143
1,32,704.94623,38.209999,1,0,0,0,1,0,6,143
1,51,704.94623,38.209999,1,0,0,0,1,0,6,143
1,29,704.94623,38.209999,0,1,0,1,0,0,6,143
1,25,704.94623,38.209999,0,1,0,1,0,0,6,143
1,30,704.94623,38.209999,0,1,0,0,1,0,6,143
1,56,1418.896,130.81,0,1,0,0,1,1,34,144
0,67,1596.2581,130.81,0,1,0,0,1,0,34,144
1,30,1418.896,130.81,1,0,0,0,1,1,34,144
0,42,1418.896,130.81,0,1,0,0,1,0,34,144
0,34,1596.2581,130.81,0,1,0,0,1,0,34,144
1,41,1418.896,130.81,0,1,0,0,1,0,34,144
0,37,1596.2581,130.81,1,0,0,0,1,0,34,144
0,54,1596.2581,130.81,0,1,0,0,1,0,34,144
0,60,1418.896,130.81,0,1,0,0,1,1,34,144
0,67,1596.2581,130.81,0,1,0,0,1,0,34,144
1,71,1418.896,130.81,1,0,0,0,1,0,34,144
0,39,1596.2581,130.81,0,1,0,0,1,1,34,144
0,27,1418.896,130.81,0,1,0,0,1,0,34,144
1,27,1418.896,130.81,1,0,0,0,1,1,34,144
1,66,1418.896,130.81,1,0,0,0,1,0,34,144
1,19,1418.896,130.81,0,1,0,0,1,0,34,144
0,59,1596.2581,130.81,1,0,0,0,1,1,34,144
0,51,1596.2581,130.81,1,0,0,0,1,1,34,144
0,44,1596.2581,130.81,0,1,0,0,1,1,34,144
0,34,387.36829,95.370003,0,1,0,0,1,0,42,145
1,29,387.36829,95.370003,0,0,0,0,1,0,42,145
0,29,387.36829,95.370003,0,1,0,0,1,1,42,145
1,50,387.36829,95.370003,0,1,0,0,1,1,42,145
0,30,387.36829,95.370003,0,1,0,0,1,0,42,145
1,36,387.36829,95.370003,1,0,0,0,1,0,42,145
0,34,387.36829,95.370003,0,0,0,0,1,1,42,145
1,34,387.36829,95.370003,0,0,0,0,1,0,42,145
1,29,387.36829,95.370003,1,0,0,0,1,0,42,145
1,29,387.36829,95.370003,0,1,0,0,1,0,42,145
1,30,387.36829,95.370003,1,0,0,0,1,0,42,145
0,43,1212.464,146.02,0,1,0,0,0,0,38,146
1,52,1212.464,146.02,1,0,0,0,1,0,38,146
1,67,1212.464,146.02,0,1,0,0,1,0,38,146
1,85,1212.464,146.02,0,1,0,0,1,0,38,146
1,69,1212.464,146.02,1,0,0,0,1,0,38,146
1,23,1414.541,146.02,1,0,0,0,1,1,38,146
1,43,1414.541,146.02,0,0,1,0,1,0,38,146
0,31,1212.464,146.02,0,1,0,0,1,1,38,146
1,67,1212.464,146.02,0,1,0,0,1,1,38,146
0,69,1414.541,146.02,0,1,0,0,1,0,38,146
0,69,1212.464,146.02,1,0,0,0,1,0,38,146
1,30,1212.464,146.02,0,1,0,0,1,0,38,146
0,40,1414.541,146.02,0,0,0,0,1,0,38,146
1,70,1212.464,146.02,0,1,0,0,1,0,38,146
1,67,1212.464,146.02,0,1,0,0,1,1,38,146
0,69,1414.541,146.02,0,1,0,0,1,1,38,146
1,30,1212.464,146.02,1,0,0,0,1,1,38,146
1,42,1414.541,146.02,1,0,0,0,1,0,38,146
1,56,1212.464,146.02,0,1,0,0,1,1,38,146
1,33,330.3075,54.68,0,1,0,0,1,0,37,147
1,41,330.3075,54.68,0,1,0,0,1,0,37,147
0,34,330.3075,54.68,0,1,0,0,1,1,37,147
1,50,330.3075,54.68,0,1,0,0,1,1,37,147
1,73,330.3075,54.68,0,1,0,0,1,0,37,147
1,68,330.3075,54.68,1,0,0,0,1,1,37,147
1,27,330.3075,54.68,1,0,0,0,1,0,37,147
0,39,330.3075,54.68,0,1,0,0,1,0,37,147
0,43,330.3075,54.68,0,1,0,0,1,1,37,147
1,54,330.3075,54.68,1,0,0,0,1,0,37,147
1,70,330.3075,54.68,0,1,0,0,1,0,37,147
1,56,330.3075,54.68,1,0,0,0,1,1,37,147
1,69,330.3075,54.68,0,1,0,0,1,0,37,147
0,23,330.3075,54.68,1,0,0,0,1,1,37,147
0,67,593.22522,140.92,0,1,1,0,1,0,12,148
1,30,677.97168,140.92,1,0,1,0,1,0,12,148
1,30,593.22522,140.92,1,0,0,0,1,0,12,148
1,39,593.22522,140.92,0,1,0,0,1,1,12,148
0,69,593.22522,140.92,0,1,0,0,1,0,12,148
1,43,677.97168,140.92,0,1,0,0,1,0,12,148
0,23,593.22522,140.92,1,0,0,0,1,0,12,148
0,23,593.22522,140.92,0,1,0,0,1,0,12,148
